id_waktu,id_lokasi,date,jumlah_produksi,id_unit_peternakan
8418.0,47400.0,2022-04-01,10.2,
8418.0,47415.0,2022-04-01,10.2,
8419.0,47400.0,2022-04-02,10.35,
8419.0,47415.0,2022-04-02,10.35,
8420.0,47400.0,2022-04-03,10.7,
8420.0,47415.0,2022-04-03,10.7,
8421.0,47400.0,2022-04-04,11.9,
8421.0,47415.0,2022-04-04,11.9,
8422.0,47400.0,2022-04-05,12.0,
8422.0,47415.0,2022-04-05,12.0,
8423.0,47415.0,2022-04-06,10.8,
8423.0,47400.0,2022-04-06,10.8,
8424.0,47415.0,2022-04-07,10.55,
8424.0,47400.0,2022-04-07,10.55,
8425.0,47400.0,2022-04-08,10.0,
8425.0,47415.0,2022-04-08,10.0,
8426.0,47400.0,2022-04-09,9.7,
8426.0,47415.0,2022-04-09,9.7,
8427.0,47415.0,2022-04-10,9.75,
8427.0,47400.0,2022-04-10,9.75,
8428.0,47415.0,2022-04-11,9.5,
8428.0,47400.0,2022-04-11,9.5,
8429.0,47415.0,2022-04-12,9.4,
8429.0,47400.0,2022-04-12,9.4,
8430.0,47400.0,2022-04-13,13.1,
8430.0,47415.0,2022-04-13,13.1,
8431.0,47415.0,2022-04-14,14.3,
8431.0,47400.0,2022-04-14,14.3,
8432.0,47400.0,2022-04-15,13.7,
8432.0,47415.0,2022-04-15,13.7,
8433.0,47400.0,2022-04-16,12.8,
8433.0,47415.0,2022-04-16,12.8,
8434.0,47415.0,2022-04-17,12.4,
8434.0,47400.0,2022-04-17,12.4,
8435.0,47415.0,2022-04-18,12.2,
8435.0,47400.0,2022-04-18,12.2,
8436.0,47415.0,2022-04-19,12.3,
8436.0,47400.0,2022-04-19,12.3,
8437.0,47400.0,2022-04-20,11.25,
8437.0,47415.0,2022-04-20,11.25,
8438.0,47415.0,2022-04-21,10.9,
8438.0,47400.0,2022-04-21,10.9,
8439.0,47400.0,2022-04-22,10.3,
8439.0,47415.0,2022-04-22,10.3,
8440.0,47400.0,2022-04-23,9.25,
8440.0,47415.0,2022-04-23,9.25,
8441.0,47400.0,2022-04-24,9.0,
8441.0,47415.0,2022-04-24,9.0,
8442.0,47400.0,2022-04-25,10.35,
8442.0,47415.0,2022-04-25,10.35,
8443.0,47400.0,2022-04-26,11.05,
8443.0,47415.0,2022-04-26,11.05,
8444.0,47400.0,2022-04-27,11.25,
8444.0,47415.0,2022-04-27,11.25,
8445.0,47400.0,2022-04-28,11.3,
8445.0,47415.0,2022-04-28,11.3,
8446.0,47400.0,2022-04-29,10.75,
8446.0,47415.0,2022-04-29,10.75,
8447.0,47415.0,2022-04-30,11.35,
8447.0,47400.0,2022-04-30,11.35,
8449.0,47400.0,2022-05-01,11.7,
8449.0,47415.0,2022-05-01,11.7,
8450.0,47415.0,2022-05-02,10.65,
8450.0,47400.0,2022-05-02,10.65,
8451.0,47400.0,2022-05-03,11.45,
8451.0,47415.0,2022-05-03,11.45,
8452.0,47400.0,2022-05-04,11.2,
8452.0,47415.0,2022-05-04,11.2,
8453.0,47400.0,2022-05-05,12.4,
8453.0,47415.0,2022-05-05,12.4,
8454.0,47400.0,2022-05-06,12.5,
8454.0,47415.0,2022-05-06,12.5,
8455.0,47415.0,2022-05-07,12.7,
8455.0,47400.0,2022-05-07,12.7,
8456.0,47400.0,2022-05-08,13.35,
8456.0,47415.0,2022-05-08,13.35,
8457.0,47400.0,2022-05-09,13.65,
8457.0,47415.0,2022-05-09,13.65,
8458.0,47400.0,2022-05-10,13.85,
8458.0,47415.0,2022-05-10,13.85,
8459.0,47415.0,2022-05-11,16.6,
8459.0,47400.0,2022-05-11,16.6,
8460.0,47400.0,2022-05-12,15.35,
8460.0,47415.0,2022-05-12,15.35,
8461.0,47400.0,2022-05-13,14.15,
8461.0,47415.0,2022-05-13,14.15,
8462.0,47400.0,2022-05-14,12.9,
8462.0,47415.0,2022-05-14,12.9,
8463.0,47400.0,2022-05-15,12.9,
8463.0,47415.0,2022-05-15,12.9,
8464.0,47400.0,2022-05-16,12.15,
8464.0,47415.0,2022-05-16,12.15,
8465.0,47400.0,2022-05-17,13.2,
8465.0,47415.0,2022-05-17,13.2,
8466.0,47400.0,2022-05-18,14.15,
8466.0,47415.0,2022-05-18,14.15,
8467.0,47415.0,2022-05-19,13.1,
8467.0,47400.0,2022-05-19,13.1,
8468.0,47415.0,2022-05-20,13.7,
8468.0,47400.0,2022-05-20,13.7,
8469.0,47400.0,2022-05-21,12.6,
8469.0,47415.0,2022-05-21,12.6,
8470.0,47400.0,2022-05-22,13.0,
8470.0,47415.0,2022-05-22,13.0,
8471.0,47415.0,2022-05-23,13.0,
8471.0,47400.0,2022-05-23,13.0,
8472.0,47400.0,2022-05-24,11.75,
8472.0,47415.0,2022-05-24,11.75,
8473.0,47415.0,2022-05-25,14.55,
8473.0,47400.0,2022-05-25,14.55,
8474.0,47415.0,2022-05-26,14.1,
8474.0,47400.0,2022-05-26,14.1,
8475.0,47400.0,2022-05-27,13.05,
8475.0,47415.0,2022-05-27,13.05,
8476.0,47400.0,2022-05-28,14.05,
8476.0,47415.0,2022-05-28,14.05,
8477.0,47400.0,2022-05-29,13.9,
8477.0,47415.0,2022-05-29,13.9,
8478.0,47400.0,2022-05-30,14.2,
8478.0,47415.0,2022-05-30,14.2,
8479.0,47400.0,2022-05-31,13.55,
8479.0,47415.0,2022-05-31,13.55,
8481.0,47400.0,2022-06-01,15.9,
8481.0,47415.0,2022-06-01,15.9,
8482.0,47415.0,2022-06-02,15.5,
8482.0,47400.0,2022-06-02,15.5,
8483.0,47415.0,2022-06-03,14.55,
8483.0,47400.0,2022-06-03,14.55,
8484.0,47415.0,2022-06-04,12.6,
8484.0,47400.0,2022-06-04,12.6,
8485.0,47400.0,2022-06-05,12.6,
8485.0,47415.0,2022-06-05,12.6,
8486.0,47415.0,2022-06-06,12.3,
8486.0,47400.0,2022-06-06,12.3,
8487.0,47415.0,2022-06-07,11.65,
8487.0,47400.0,2022-06-07,11.65,
8488.0,47400.0,2022-06-08,12.7,
8488.0,47415.0,2022-06-08,12.7,
8489.0,47400.0,2022-06-09,11.75,
8489.0,47415.0,2022-06-09,11.75,
8490.0,47415.0,2022-06-10,11.8,
8490.0,47400.0,2022-06-10,11.8,
8491.0,47415.0,2022-06-11,11.7,
8491.0,47400.0,2022-06-11,11.7,
8492.0,47400.0,2022-06-12,11.45,
8492.0,47415.0,2022-06-12,11.45,
8493.0,47415.0,2022-06-13,9.65,
8493.0,47400.0,2022-06-13,9.65,
8494.0,47400.0,2022-06-14,8.75,
8494.0,47415.0,2022-06-14,8.75,
8495.0,47415.0,2022-06-15,11.5,
8495.0,47400.0,2022-06-15,11.5,
8496.0,47415.0,2022-06-16,11.2,
8496.0,47400.0,2022-06-16,11.2,
8497.0,47415.0,2022-06-17,11.25,
8497.0,47400.0,2022-06-17,11.25,
8498.0,47415.0,2022-06-18,11.2,
8498.0,47400.0,2022-06-18,11.2,
8499.0,47415.0,2022-06-19,10.05,
8499.0,47400.0,2022-06-19,10.05,
8500.0,47415.0,2022-06-20,9.9,
8500.0,47400.0,2022-06-20,9.9,
8501.0,47415.0,2022-06-21,10.0,
8501.0,47400.0,2022-06-21,10.0,
8502.0,47400.0,2022-06-22,10.5,
8502.0,47415.0,2022-06-22,10.5,
8503.0,47400.0,2022-06-23,10.45,
8503.0,47415.0,2022-06-23,10.45,
8504.0,47400.0,2022-06-24,10.35,
8504.0,47415.0,2022-06-24,10.35,
8505.0,47400.0,2022-06-25,10.0,
8505.0,47415.0,2022-06-25,10.0,
8506.0,47400.0,2022-06-26,9.95,
8506.0,47415.0,2022-06-26,9.95,
8507.0,47415.0,2022-06-27,10.15,
8507.0,47400.0,2022-06-27,10.15,
8508.0,47415.0,2022-06-28,10.7,
8508.0,47400.0,2022-06-28,10.7,
8509.0,47415.0,2022-06-29,10.65,
8509.0,47400.0,2022-06-29,10.65,
8510.0,47415.0,2022-06-30,10.75,
8510.0,47400.0,2022-06-30,10.75,
8512.0,47415.0,2022-07-01,9.7,
8512.0,47400.0,2022-07-01,9.7,
8513.0,47400.0,2022-07-02,9.65,
8513.0,47415.0,2022-07-02,9.65,
8514.0,47400.0,2022-07-03,9.75,
8514.0,47415.0,2022-07-03,9.75,
8515.0,47400.0,2022-07-04,10.0,
8515.0,47415.0,2022-07-04,10.0,
8516.0,47415.0,2022-07-05,9.3,
8516.0,47400.0,2022-07-05,9.3,
8517.0,47400.0,2022-07-06,9.25,
8517.0,47415.0,2022-07-06,9.25,
8518.0,47415.0,2022-07-07,9.25,
8518.0,47400.0,2022-07-07,9.25,
8519.0,47400.0,2022-07-08,8.1,
8519.0,47415.0,2022-07-08,8.1,
8520.0,47400.0,2022-07-09,8.3,
8520.0,47415.0,2022-07-09,8.3,
8521.0,47415.0,2022-07-10,8.6,
8521.0,47400.0,2022-07-10,8.6,
8522.0,47415.0,2022-07-11,8.95,
8522.0,47400.0,2022-07-11,8.95,
8523.0,47400.0,2022-07-12,9.6,
8523.0,47415.0,2022-07-12,9.6,
8524.0,47400.0,2022-07-13,9.3,
8524.0,47415.0,2022-07-13,9.3,
8525.0,47415.0,2022-07-14,9.6,
8525.0,47400.0,2022-07-14,9.6,
8526.0,47400.0,2022-07-15,12.5,
8526.0,47415.0,2022-07-15,12.5,
8527.0,47415.0,2022-07-16,12.65,
8527.0,47400.0,2022-07-16,12.65,
8528.0,47400.0,2022-07-17,12.9,
8528.0,47415.0,2022-07-17,12.9,
8529.0,47400.0,2022-07-18,13.45,
8529.0,47415.0,2022-07-18,13.45,
8530.0,47400.0,2022-07-19,13.9,
8530.0,47415.0,2022-07-19,13.9,
8531.0,47400.0,2022-07-20,13.7,
8531.0,47415.0,2022-07-20,13.7,
8532.0,47415.0,2022-07-21,13.9,
8532.0,47400.0,2022-07-21,13.9,
8533.0,47400.0,2022-07-22,14.0,
8533.0,47415.0,2022-07-22,14.0,
8534.0,47415.0,2022-07-23,14.05,
8534.0,47400.0,2022-07-23,14.05,
8535.0,47400.0,2022-07-24,14.0,
8535.0,47415.0,2022-07-24,14.0,
8536.0,47400.0,2022-07-25,14.0,
8536.0,47415.0,2022-07-25,14.0,
8537.0,47400.0,2022-07-26,12.9,
8537.0,47415.0,2022-07-26,12.9,
8538.0,47400.0,2022-07-27,12.55,
8538.0,47415.0,2022-07-27,12.55,
8539.0,47415.0,2022-07-28,12.0,
8539.0,47400.0,2022-07-28,12.0,
8540.0,47415.0,2022-07-29,11.5,
8540.0,47400.0,2022-07-29,11.5,
8541.0,47400.0,2022-07-30,5.5,
8541.0,47415.0,2022-07-30,5.5,
8542.0,47415.0,2022-07-31,5.8,
8542.0,47400.0,2022-07-31,5.8,
8544.0,47400.0,2022-08-01,12.25,
8544.0,47415.0,2022-08-01,12.25,
8545.0,47400.0,2022-08-02,12.75,
8545.0,47415.0,2022-08-02,12.75,
8546.0,47400.0,2022-08-03,12.75,
8546.0,47415.0,2022-08-03,12.75,
8547.0,47400.0,2022-08-04,12.75,
8547.0,47415.0,2022-08-04,12.75,
8548.0,47415.0,2022-08-05,11.35,
8548.0,47400.0,2022-08-05,11.35,
8549.0,47415.0,2022-08-06,13.1,
8549.0,47400.0,2022-08-06,13.1,
8550.0,47400.0,2022-08-07,11.3,
8550.0,47415.0,2022-08-07,11.3,
8551.0,47400.0,2022-08-08,13.35,
8551.0,47415.0,2022-08-08,13.35,
8552.0,47415.0,2022-08-09,14.3,
8552.0,47400.0,2022-08-09,14.3,
8553.0,47400.0,2022-08-10,14.2,
8553.0,47415.0,2022-08-10,14.2,
8554.0,47400.0,2022-08-11,13.9,
8554.0,47415.0,2022-08-11,13.9,
8555.0,47400.0,2022-08-12,13.9,
8555.0,47415.0,2022-08-12,13.9,
8556.0,47400.0,2022-08-13,13.35,
8556.0,47415.0,2022-08-13,13.35,
8557.0,47415.0,2022-08-14,13.9,
8557.0,47400.0,2022-08-14,13.9,
8558.0,47400.0,2022-08-15,13.6,
8558.0,47415.0,2022-08-15,13.6,
8559.0,47415.0,2022-08-16,12.5,
8559.0,47400.0,2022-08-16,12.5,
8560.0,47400.0,2022-08-17,12.75,
8560.0,47415.0,2022-08-17,12.75,
8561.0,47400.0,2022-08-18,12.35,
8561.0,47415.0,2022-08-18,12.35,
8562.0,47415.0,2022-08-19,12.25,
8562.0,47400.0,2022-08-19,12.25,
8563.0,47400.0,2022-08-20,12.95,
8563.0,47415.0,2022-08-20,12.95,
8564.0,47415.0,2022-08-21,12.6,
8564.0,47400.0,2022-08-21,12.6,
8565.0,47400.0,2022-08-22,13.05,
8565.0,47415.0,2022-08-22,13.05,
8566.0,47415.0,2022-08-23,13.0,
8566.0,47400.0,2022-08-23,13.0,
8567.0,47400.0,2022-08-24,14.0,
8567.0,47415.0,2022-08-24,14.0,
8568.0,47415.0,2022-08-25,13.7,
8568.0,47400.0,2022-08-25,13.7,
8569.0,47400.0,2022-08-26,13.75,
8569.0,47415.0,2022-08-26,13.75,
8570.0,47400.0,2022-08-27,13.85,
8570.0,47415.0,2022-08-27,13.85,
8571.0,47400.0,2022-08-28,13.95,
8571.0,47415.0,2022-08-28,13.95,
8572.0,47400.0,2022-08-29,13.85,
8572.0,47415.0,2022-08-29,13.85,
8573.0,47415.0,2022-08-30,14.1,
8573.0,47400.0,2022-08-30,14.1,
8574.0,47415.0,2022-08-31,14.0,
8574.0,47400.0,2022-08-31,14.0,
8576.0,47415.0,2022-09-01,15.3,
8576.0,47400.0,2022-09-01,15.3,
8577.0,47415.0,2022-09-02,14.85,
8577.0,47400.0,2022-09-02,14.85,
8578.0,47400.0,2022-09-03,14.85,
8578.0,47415.0,2022-09-03,14.85,
8579.0,47400.0,2022-09-04,14.4,
8579.0,47415.0,2022-09-04,14.4,
8580.0,47400.0,2022-09-05,13.65,
8580.0,47415.0,2022-09-05,13.65,
8581.0,47415.0,2022-09-06,13.9,
8581.0,47400.0,2022-09-06,13.9,
8582.0,47415.0,2022-09-07,13.8,
8582.0,47400.0,2022-09-07,13.8,
8583.0,47400.0,2022-09-08,14.1,
8583.0,47415.0,2022-09-08,14.1,
8584.0,47400.0,2022-09-09,13.95,
8584.0,47415.0,2022-09-09,13.95,
8585.0,47415.0,2022-09-10,14.0,
8585.0,47400.0,2022-09-10,14.0,
8586.0,47415.0,2022-09-11,13.9,
8586.0,47400.0,2022-09-11,13.9,
8587.0,47400.0,2022-09-12,14.05,
8587.0,47415.0,2022-09-12,14.05,
8588.0,47415.0,2022-09-13,14.1,
8588.0,47400.0,2022-09-13,14.1,
8589.0,47400.0,2022-09-14,13.8,
8589.0,47415.0,2022-09-14,13.8,
8590.0,47400.0,2022-09-15,15.65,
8590.0,47415.0,2022-09-15,15.65,
8591.0,47415.0,2022-09-16,16.275,
8591.0,47415.0,2022-09-16,16.275,
8591.0,46315.0,2022-09-16,16.275,
8591.0,47400.0,2022-09-16,16.275,
8592.0,47415.0,2022-09-17,16.825,
8592.0,46315.0,2022-09-17,16.825,
8592.0,47400.0,2022-09-17,16.825,
8592.0,47415.0,2022-09-17,16.825,
8593.0,47415.0,2022-09-18,16.78,
8593.0,47400.0,2022-09-18,16.78,
8593.0,47415.0,2022-09-18,16.78,
8593.0,46315.0,2022-09-18,16.78,
8594.0,47415.0,2022-09-19,17.485,
8594.0,47400.0,2022-09-19,17.485,
8594.0,47415.0,2022-09-19,17.485,
8594.0,46315.0,2022-09-19,17.485,
8595.0,47400.0,2022-09-20,17.17,
8595.0,47415.0,2022-09-20,17.17,
8595.0,46315.0,2022-09-20,17.17,
8595.0,47415.0,2022-09-20,17.17,
8596.0,47400.0,2022-09-21,18.005,
8596.0,46315.0,2022-09-21,18.005,
8596.0,47415.0,2022-09-21,18.005,
8596.0,47415.0,2022-09-21,18.005,
8597.0,47415.0,2022-09-22,17.34,
8597.0,47400.0,2022-09-22,17.34,
8597.0,47415.0,2022-09-22,17.34,
8597.0,46315.0,2022-09-22,17.34,
8598.0,47400.0,2022-09-23,17.05,
8598.0,47415.0,2022-09-23,17.05,
8598.0,46315.0,2022-09-23,17.05,
8598.0,47415.0,2022-09-23,17.05,
8599.0,47400.0,2022-09-24,17.115000000000002,
8599.0,46315.0,2022-09-24,17.115000000000002,
8599.0,47415.0,2022-09-24,17.115000000000002,
8599.0,47415.0,2022-09-24,17.115000000000002,
8600.0,47400.0,2022-09-25,16.49,
8600.0,47415.0,2022-09-25,16.49,
8600.0,47415.0,2022-09-25,16.49,
8600.0,46315.0,2022-09-25,16.49,
8601.0,47415.0,2022-09-26,16.925,
8601.0,46315.0,2022-09-26,16.925,
8601.0,47400.0,2022-09-26,16.925,
8601.0,47415.0,2022-09-26,16.925,
8602.0,46315.0,2022-09-27,17.66,
8602.0,47415.0,2022-09-27,17.66,
8602.0,47400.0,2022-09-27,17.66,
8602.0,47415.0,2022-09-27,17.66,
8603.0,47415.0,2022-09-28,16.85,
8603.0,47415.0,2022-09-28,16.85,
8603.0,46315.0,2022-09-28,16.85,
8603.0,47400.0,2022-09-28,16.85,
8604.0,47415.0,2022-09-29,17.105,
8604.0,47400.0,2022-09-29,17.105,
8604.0,46315.0,2022-09-29,17.105,
8604.0,47415.0,2022-09-29,17.105,
8605.0,47415.0,2022-09-30,16.814999999999998,
8605.0,47415.0,2022-09-30,16.814999999999998,
8605.0,47400.0,2022-09-30,16.814999999999998,
8605.0,46315.0,2022-09-30,16.814999999999998,
8607.0,47415.0,2022-10-01,15.355,
8607.0,47400.0,2022-10-01,15.355,
8607.0,46315.0,2022-10-01,15.355,
8607.0,47415.0,2022-10-01,15.355,
8608.0,46315.0,2022-10-02,17.275,
8608.0,47400.0,2022-10-02,17.275,
8608.0,47415.0,2022-10-02,17.275,
8608.0,47415.0,2022-10-02,17.275,
8609.0,46315.0,2022-10-03,14.985,
8609.0,47415.0,2022-10-03,14.985,
8609.0,47415.0,2022-10-03,14.985,
8609.0,47400.0,2022-10-03,14.985,
8610.0,47415.0,2022-10-04,17.56,
8610.0,47415.0,2022-10-04,17.56,
8610.0,47400.0,2022-10-04,17.56,
8610.0,46315.0,2022-10-04,17.56,
8611.0,47415.0,2022-10-05,16.975,
8611.0,47400.0,2022-10-05,16.975,
8611.0,46315.0,2022-10-05,16.975,
8611.0,47415.0,2022-10-05,16.975,
8612.0,47415.0,2022-10-06,17.145,
8612.0,47415.0,2022-10-06,17.145,
8612.0,47400.0,2022-10-06,17.145,
8612.0,46315.0,2022-10-06,17.145,
8613.0,47415.0,2022-10-07,17.445,
8613.0,47400.0,2022-10-07,17.445,
8613.0,46315.0,2022-10-07,17.445,
8613.0,47415.0,2022-10-07,17.445,
8614.0,47415.0,2022-10-08,17.015,
8614.0,46315.0,2022-10-08,17.015,
8614.0,47415.0,2022-10-08,17.015,
8614.0,47400.0,2022-10-08,17.015,
8615.0,47400.0,2022-10-09,16.435000000000002,
8615.0,47415.0,2022-10-09,16.435000000000002,
8615.0,46315.0,2022-10-09,16.435000000000002,
8615.0,47415.0,2022-10-09,16.435000000000002,
8616.0,47415.0,2022-10-10,16.8,
8616.0,47400.0,2022-10-10,16.8,
8616.0,47415.0,2022-10-10,16.8,
8616.0,46315.0,2022-10-10,16.8,
8617.0,47400.0,2022-10-11,17.125,
8617.0,46315.0,2022-10-11,17.125,
8617.0,47415.0,2022-10-11,17.125,
8617.0,47415.0,2022-10-11,17.125,
8618.0,47415.0,2022-10-12,16.68,
8618.0,47415.0,2022-10-12,16.68,
8618.0,47400.0,2022-10-12,16.68,
8618.0,46315.0,2022-10-12,16.68,
8619.0,46315.0,2022-10-13,15.88,
8619.0,47400.0,2022-10-13,15.88,
8619.0,47415.0,2022-10-13,15.88,
8619.0,47415.0,2022-10-13,15.88,
8620.0,46315.0,2022-10-14,15.65,
8620.0,47400.0,2022-10-14,15.65,
8620.0,47415.0,2022-10-14,15.65,
8620.0,47415.0,2022-10-14,15.65,
8621.0,47400.0,2022-10-15,15.575,
8621.0,47415.0,2022-10-15,15.575,
8621.0,47415.0,2022-10-15,15.575,
8621.0,46315.0,2022-10-15,15.575,
8622.0,47415.0,2022-10-16,15.92,
8622.0,46315.0,2022-10-16,15.92,
8622.0,47400.0,2022-10-16,15.92,
8622.0,47415.0,2022-10-16,15.92,
8623.0,47400.0,2022-10-17,17.475,
8623.0,47415.0,2022-10-17,17.475,
8623.0,47415.0,2022-10-17,17.475,
8623.0,46315.0,2022-10-17,17.475,
8624.0,46315.0,2022-10-18,17.255,
8624.0,47415.0,2022-10-18,17.255,
8624.0,47400.0,2022-10-18,17.255,
8624.0,47415.0,2022-10-18,17.255,
8625.0,47415.0,2022-10-19,16.145,
8625.0,46315.0,2022-10-19,16.145,
8625.0,47415.0,2022-10-19,16.145,
8625.0,47400.0,2022-10-19,16.145,
8626.0,47415.0,2022-10-20,15.595,
8626.0,47415.0,2022-10-20,15.595,
8626.0,46315.0,2022-10-20,15.595,
8626.0,47400.0,2022-10-20,15.595,
8627.0,47400.0,2022-10-21,16.275,
8627.0,47415.0,2022-10-21,16.275,
8627.0,47415.0,2022-10-21,16.275,
8627.0,46315.0,2022-10-21,16.275,
8628.0,46315.0,2022-10-22,16.02,
8628.0,47415.0,2022-10-22,16.02,
8628.0,47400.0,2022-10-22,16.02,
8628.0,47415.0,2022-10-22,16.02,
8629.0,47400.0,2022-10-23,15.685,
8629.0,46315.0,2022-10-23,15.685,
8629.0,47415.0,2022-10-23,15.685,
8629.0,47415.0,2022-10-23,15.685,
8630.0,47415.0,2022-10-24,15.62,
8630.0,47400.0,2022-10-24,15.62,
8630.0,47415.0,2022-10-24,15.62,
8630.0,46315.0,2022-10-24,15.62,
8631.0,47400.0,2022-10-25,15.15,
8631.0,47415.0,2022-10-25,15.15,
8631.0,46315.0,2022-10-25,15.15,
8631.0,47415.0,2022-10-25,15.15,
8632.0,47415.0,2022-10-26,11.965,
8632.0,47415.0,2022-10-26,11.965,
8632.0,47400.0,2022-10-26,11.965,
8632.0,46315.0,2022-10-26,11.965,
8633.0,46315.0,2022-10-27,8.475,
8633.0,47415.0,2022-10-27,8.475,
8633.0,47400.0,2022-10-27,8.475,
8633.0,47415.0,2022-10-27,8.475,
8634.0,47415.0,2022-10-28,14.2,
8634.0,47415.0,2022-10-28,14.2,
8634.0,46315.0,2022-10-28,14.2,
8634.0,47400.0,2022-10-28,14.2,
8635.0,47400.0,2022-10-29,14.125,
8635.0,47415.0,2022-10-29,14.125,
8635.0,47415.0,2022-10-29,14.125,
8635.0,46315.0,2022-10-29,14.125,
8636.0,47415.0,2022-10-30,14.165,
8636.0,46315.0,2022-10-30,14.165,
8636.0,47415.0,2022-10-30,14.165,
8636.0,47400.0,2022-10-30,14.165,
8637.0,46315.0,2022-10-31,13.7,
8637.0,47415.0,2022-10-31,13.7,
8637.0,47415.0,2022-10-31,13.7,
8637.0,47400.0,2022-10-31,13.7,
8639.0,47415.0,2022-11-01,14.0,
8639.0,47400.0,2022-11-01,14.0,
8639.0,46315.0,2022-11-01,14.0,
8639.0,47415.0,2022-11-01,14.0,
8640.0,47400.0,2022-11-02,13.8,
8640.0,46315.0,2022-11-02,13.8,
8640.0,47415.0,2022-11-02,13.8,
8640.0,47415.0,2022-11-02,13.8,
8641.0,46315.0,2022-11-03,14.075,
8641.0,47400.0,2022-11-03,14.075,
8641.0,47415.0,2022-11-03,14.075,
8641.0,47415.0,2022-11-03,14.075,
8642.0,46315.0,2022-11-04,15.015,
8642.0,47415.0,2022-11-04,15.015,
8642.0,47415.0,2022-11-04,15.015,
8642.0,47400.0,2022-11-04,15.015,
8643.0,46315.0,2022-11-05,15.2,
8643.0,47415.0,2022-11-05,15.2,
8643.0,47415.0,2022-11-05,15.2,
8643.0,47400.0,2022-11-05,15.2,
8644.0,47400.0,2022-11-06,13.989999999999998,
8644.0,47415.0,2022-11-06,13.989999999999998,
8644.0,46315.0,2022-11-06,13.989999999999998,
8644.0,47415.0,2022-11-06,13.989999999999998,
8645.0,46315.0,2022-11-07,13.89,
8645.0,47415.0,2022-11-07,13.89,
8645.0,47415.0,2022-11-07,13.89,
8645.0,47400.0,2022-11-07,13.89,
8646.0,47400.0,2022-11-08,14.325,
8646.0,47415.0,2022-11-08,14.325,
8646.0,47415.0,2022-11-08,14.325,
8646.0,46315.0,2022-11-08,14.325,
8647.0,47400.0,2022-11-09,15.55,
8647.0,47415.0,2022-11-09,15.55,
8647.0,46315.0,2022-11-09,15.55,
8647.0,47415.0,2022-11-09,15.55,
8648.0,46315.0,2022-11-10,15.555,
8648.0,47415.0,2022-11-10,15.555,
8648.0,47400.0,2022-11-10,15.555,
8648.0,47415.0,2022-11-10,15.555,
8649.0,47400.0,2022-11-11,15.895,
8649.0,47415.0,2022-11-11,15.895,
8649.0,46315.0,2022-11-11,15.895,
8649.0,47415.0,2022-11-11,15.895,
8650.0,46315.0,2022-11-12,15.525,
8650.0,47400.0,2022-11-12,15.525,
8650.0,47415.0,2022-11-12,15.525,
8650.0,47415.0,2022-11-12,15.525,
8651.0,47415.0,2022-11-13,14.725,
8651.0,47400.0,2022-11-13,14.725,
8651.0,46315.0,2022-11-13,14.725,
8651.0,47415.0,2022-11-13,14.725,
8652.0,47415.0,2022-11-14,15.84,
8652.0,47400.0,2022-11-14,15.84,
8652.0,46315.0,2022-11-14,15.84,
8652.0,47415.0,2022-11-14,15.84,
8653.0,47415.0,2022-11-15,15.94,
8653.0,47415.0,2022-11-15,15.94,
8653.0,46315.0,2022-11-15,15.94,
8653.0,47400.0,2022-11-15,15.94,
8654.0,47400.0,2022-11-16,16.575,
8654.0,46315.0,2022-11-16,16.575,
8654.0,47415.0,2022-11-16,16.575,
8654.0,47415.0,2022-11-16,16.575,
8655.0,47400.0,2022-11-17,15.81,
8655.0,46315.0,2022-11-17,15.81,
8655.0,47415.0,2022-11-17,15.81,
8655.0,47415.0,2022-11-17,15.81,
8656.0,47400.0,2022-11-18,15.875,
8656.0,47415.0,2022-11-18,15.875,
8656.0,47415.0,2022-11-18,15.875,
8656.0,46315.0,2022-11-18,15.875,
8657.0,47400.0,2022-11-19,15.665,
8657.0,47415.0,2022-11-19,15.665,
8657.0,47415.0,2022-11-19,15.665,
8657.0,46315.0,2022-11-19,15.665,
8658.0,47400.0,2022-11-20,15.27,
8658.0,47415.0,2022-11-20,15.27,
8658.0,47415.0,2022-11-20,15.27,
8658.0,46315.0,2022-11-20,15.27,
8659.0,47415.0,2022-11-21,15.97,
8659.0,47415.0,2022-11-21,15.97,
8659.0,46315.0,2022-11-21,15.97,
8659.0,47400.0,2022-11-21,15.97,
8660.0,47415.0,2022-11-22,16.1,
8660.0,47400.0,2022-11-22,16.1,
8660.0,46315.0,2022-11-22,16.1,
8660.0,47415.0,2022-11-22,16.1,
8661.0,47415.0,2022-11-23,15.45,
8661.0,47415.0,2022-11-23,15.45,
8661.0,46315.0,2022-11-23,15.45,
8661.0,47400.0,2022-11-23,15.45,
8662.0,47400.0,2022-11-24,15.325,
8662.0,46315.0,2022-11-24,15.325,
8662.0,47415.0,2022-11-24,15.325,
8662.0,47415.0,2022-11-24,15.325,
8663.0,46315.0,2022-11-25,15.75,
8663.0,47400.0,2022-11-25,15.75,
8663.0,47415.0,2022-11-25,15.75,
8663.0,47415.0,2022-11-25,15.75,
8664.0,47400.0,2022-11-26,15.45,
8664.0,47415.0,2022-11-26,15.45,
8664.0,46315.0,2022-11-26,15.45,
8664.0,47415.0,2022-11-26,15.45,
8665.0,47415.0,2022-11-27,16.185000000000002,
8665.0,47400.0,2022-11-27,16.185000000000002,
8665.0,47415.0,2022-11-27,16.185000000000002,
8665.0,46315.0,2022-11-27,16.185000000000002,
8666.0,47400.0,2022-11-28,13.575,
8666.0,47415.0,2022-11-28,13.575,
8666.0,46315.0,2022-11-28,13.575,
8666.0,47415.0,2022-11-28,13.575,
8667.0,46315.0,2022-11-29,13.825,
8667.0,47415.0,2022-11-29,13.825,
8667.0,47400.0,2022-11-29,13.825,
8667.0,47415.0,2022-11-29,13.825,
8668.0,47415.0,2022-11-30,13.285,
8668.0,47415.0,2022-11-30,13.285,
8668.0,46315.0,2022-11-30,13.285,
8668.0,47400.0,2022-11-30,13.285,
8670.0,47415.0,2022-12-01,13.71,
8670.0,47400.0,2022-12-01,13.71,
8670.0,46315.0,2022-12-01,13.71,
8670.0,47415.0,2022-12-01,13.71,
8671.0,47415.0,2022-12-02,12.76,
8671.0,47400.0,2022-12-02,12.76,
8671.0,46315.0,2022-12-02,12.76,
8671.0,47415.0,2022-12-02,12.76,
8672.0,47415.0,2022-12-03,13.625,
8672.0,46315.0,2022-12-03,13.625,
8672.0,47400.0,2022-12-03,13.625,
8672.0,47415.0,2022-12-03,13.625,
8673.0,47415.0,2022-12-04,13.25,
8673.0,46315.0,2022-12-04,13.25,
8673.0,47400.0,2022-12-04,13.25,
8673.0,47415.0,2022-12-04,13.25,
8674.0,47415.0,2022-12-05,13.7,
8674.0,47400.0,2022-12-05,13.7,
8674.0,46315.0,2022-12-05,13.7,
8674.0,47415.0,2022-12-05,13.7,
8675.0,47415.0,2022-12-06,14.925,
8675.0,46315.0,2022-12-06,14.925,
8675.0,47415.0,2022-12-06,14.925,
8675.0,47400.0,2022-12-06,14.925,
8676.0,47415.0,2022-12-07,15.1,
8676.0,47400.0,2022-12-07,15.1,
8676.0,46315.0,2022-12-07,15.1,
8676.0,47415.0,2022-12-07,15.1,
8677.0,47415.0,2022-12-08,16.83,
8677.0,47400.0,2022-12-08,16.83,
8677.0,47415.0,2022-12-08,16.83,
8677.0,46315.0,2022-12-08,16.83,
8678.0,47415.0,2022-12-09,16.225,
8678.0,46315.0,2022-12-09,16.225,
8678.0,47415.0,2022-12-09,16.225,
8678.0,47400.0,2022-12-09,16.225,
8679.0,47415.0,2022-12-10,16.560000000000002,
8679.0,47400.0,2022-12-10,16.560000000000002,
8679.0,46315.0,2022-12-10,16.560000000000002,
8679.0,47415.0,2022-12-10,16.560000000000002,
8680.0,47415.0,2022-12-11,15.85,
8680.0,47415.0,2022-12-11,15.85,
8680.0,46315.0,2022-12-11,15.85,
8680.0,47400.0,2022-12-11,15.85,
8681.0,46315.0,2022-12-12,15.55,
8681.0,47400.0,2022-12-12,15.55,
8681.0,47415.0,2022-12-12,15.55,
8681.0,47415.0,2022-12-12,15.55,
8682.0,47415.0,2022-12-13,15.8,
8682.0,46315.0,2022-12-13,15.8,
8682.0,47400.0,2022-12-13,15.8,
8682.0,47415.0,2022-12-13,15.8,
8683.0,47400.0,2022-12-14,15.05,
8683.0,47415.0,2022-12-14,15.05,
8683.0,47415.0,2022-12-14,15.05,
8683.0,46315.0,2022-12-14,15.05,
8684.0,47400.0,2022-12-15,15.725,
8684.0,46315.0,2022-12-15,15.725,
8684.0,47415.0,2022-12-15,15.725,
8684.0,47415.0,2022-12-15,15.725,
8685.0,47415.0,2022-12-16,15.11,
8685.0,47415.0,2022-12-16,15.11,
8685.0,46315.0,2022-12-16,15.11,
8685.0,47400.0,2022-12-16,15.11,
8686.0,47400.0,2022-12-17,15.345,
8686.0,47415.0,2022-12-17,15.345,
8686.0,47415.0,2022-12-17,15.345,
8686.0,46315.0,2022-12-17,15.345,
8687.0,47415.0,2022-12-18,14.95,
8687.0,47415.0,2022-12-18,14.95,
8687.0,46315.0,2022-12-18,14.95,
8687.0,47400.0,2022-12-18,14.95,
8688.0,47400.0,2022-12-19,15.84,
8688.0,47415.0,2022-12-19,15.84,
8688.0,46315.0,2022-12-19,15.84,
8688.0,47415.0,2022-12-19,15.84,
8689.0,46315.0,2022-12-20,16.235,
8689.0,47400.0,2022-12-20,16.235,
8689.0,47415.0,2022-12-20,16.235,
8689.0,47415.0,2022-12-20,16.235,
8690.0,47400.0,2022-12-21,15.975,
8690.0,47415.0,2022-12-21,15.975,
8690.0,46315.0,2022-12-21,15.975,
8690.0,47415.0,2022-12-21,15.975,
8691.0,47415.0,2022-12-22,14.96,
8691.0,47415.0,2022-12-22,14.96,
8691.0,47400.0,2022-12-22,14.96,
8691.0,46315.0,2022-12-22,14.96,
8692.0,47415.0,2022-12-23,15.075,
8692.0,46315.0,2022-12-23,15.075,
8692.0,47415.0,2022-12-23,15.075,
8692.0,47400.0,2022-12-23,15.075,
8693.0,47415.0,2022-12-24,15.525,
8693.0,46315.0,2022-12-24,15.525,
8693.0,47400.0,2022-12-24,15.525,
8693.0,47415.0,2022-12-24,15.525,
8694.0,47400.0,2022-12-25,15.25,
8694.0,47415.0,2022-12-25,15.25,
8694.0,46315.0,2022-12-25,15.25,
8694.0,47415.0,2022-12-25,15.25,
8695.0,47415.0,2022-12-26,15.35,
8695.0,47400.0,2022-12-26,15.35,
8695.0,47415.0,2022-12-26,15.35,
8695.0,46315.0,2022-12-26,15.35,
8696.0,47415.0,2022-12-27,15.14,
8696.0,47415.0,2022-12-27,15.14,
8696.0,47400.0,2022-12-27,15.14,
8696.0,46315.0,2022-12-27,15.14,
8697.0,47415.0,2022-12-28,15.47,
8697.0,47400.0,2022-12-28,15.47,
8697.0,46315.0,2022-12-28,15.47,
8697.0,47415.0,2022-12-28,15.47,
8698.0,47400.0,2022-12-29,15.25,
8698.0,47415.0,2022-12-29,15.25,
8698.0,46315.0,2022-12-29,15.25,
8698.0,47415.0,2022-12-29,15.25,
8699.0,47415.0,2022-12-30,14.795,
8699.0,47400.0,2022-12-30,14.795,
8699.0,47415.0,2022-12-30,14.795,
8699.0,46315.0,2022-12-30,14.795,
8700.0,47415.0,2022-12-31,15.515,
8700.0,46315.0,2022-12-31,15.515,
8700.0,47415.0,2022-12-31,15.515,
8700.0,47400.0,2022-12-31,15.515,
8703.0,47415.0,2023-01-01,15.055,
8703.0,47415.0,2023-01-01,15.055,
8703.0,47400.0,2023-01-01,15.055,
8703.0,46315.0,2023-01-01,15.055,
8704.0,47400.0,2023-01-02,14.6,
8704.0,47415.0,2023-01-02,14.6,
8704.0,46315.0,2023-01-02,14.6,
8704.0,47415.0,2023-01-02,14.6,
8705.0,47400.0,2023-01-03,13.94,
8705.0,46315.0,2023-01-03,13.94,
8705.0,47415.0,2023-01-03,13.94,
8705.0,47415.0,2023-01-03,13.94,
8706.0,47415.0,2023-01-04,14.075,
8706.0,46315.0,2023-01-04,14.075,
8706.0,47400.0,2023-01-04,14.075,
8706.0,47415.0,2023-01-04,14.075,
8707.0,47415.0,2023-01-05,13.615,
8707.0,47400.0,2023-01-05,13.615,
8707.0,47415.0,2023-01-05,13.615,
8707.0,46315.0,2023-01-05,13.615,
8708.0,47415.0,2023-01-06,12.595,
8708.0,47400.0,2023-01-06,12.595,
8708.0,46315.0,2023-01-06,12.595,
8708.0,47415.0,2023-01-06,12.595,
8709.0,47400.0,2023-01-07,13.265,
8709.0,47415.0,2023-01-07,13.265,
8709.0,47415.0,2023-01-07,13.265,
8709.0,46315.0,2023-01-07,13.265,
8710.0,46315.0,2023-01-08,13.57,
8710.0,47400.0,2023-01-08,13.57,
8710.0,47415.0,2023-01-08,13.57,
8710.0,47415.0,2023-01-08,13.57,
8711.0,47415.0,2023-01-09,11.995,
8711.0,47415.0,2023-01-09,11.995,
8711.0,47400.0,2023-01-09,11.995,
8711.0,46315.0,2023-01-09,11.995,
8712.0,47415.0,2023-01-10,13.15,
8712.0,47415.0,2023-01-10,13.15,
8712.0,47400.0,2023-01-10,13.15,
8712.0,46315.0,2023-01-10,13.15,
8713.0,47415.0,2023-01-11,13.275,
8713.0,46315.0,2023-01-11,13.275,
8713.0,47415.0,2023-01-11,13.275,
8713.0,47400.0,2023-01-11,13.275,
8714.0,47415.0,2023-01-12,13.295000000000002,
8714.0,47400.0,2023-01-12,13.295000000000002,
8714.0,47415.0,2023-01-12,13.295000000000002,
8714.0,46315.0,2023-01-12,13.295000000000002,
8715.0,47415.0,2023-01-13,13.665,
8715.0,46315.0,2023-01-13,13.665,
8715.0,47415.0,2023-01-13,13.665,
8715.0,47400.0,2023-01-13,13.665,
8716.0,47400.0,2023-01-14,13.445,
8716.0,46315.0,2023-01-14,13.445,
8716.0,47415.0,2023-01-14,13.445,
8716.0,47415.0,2023-01-14,13.445,
8717.0,47415.0,2023-01-15,14.165,
8717.0,47415.0,2023-01-15,14.165,
8717.0,47400.0,2023-01-15,14.165,
8717.0,46315.0,2023-01-15,14.165,
8718.0,47415.0,2023-01-16,14.14,
8718.0,47415.0,2023-01-16,14.14,
8718.0,46315.0,2023-01-16,14.14,
8718.0,47400.0,2023-01-16,14.14,
8719.0,47400.0,2023-01-17,13.15,
8719.0,47415.0,2023-01-17,13.15,
8719.0,47415.0,2023-01-17,13.15,
8719.0,46315.0,2023-01-17,13.15,
8720.0,47415.0,2023-01-18,14.61,
8720.0,47415.0,2023-01-18,14.61,
8720.0,46315.0,2023-01-18,14.61,
8720.0,47400.0,2023-01-18,14.61,
8721.0,47400.0,2023-01-19,14.775,
8721.0,47415.0,2023-01-19,14.775,
8721.0,46315.0,2023-01-19,14.775,
8721.0,47415.0,2023-01-19,14.775,
8722.0,46315.0,2023-01-20,9.475,
8722.0,47400.0,2023-01-20,9.475,
8722.0,47415.0,2023-01-20,9.475,
8722.0,47415.0,2023-01-20,9.475,
8723.0,47400.0,2023-01-21,9.575,
8723.0,47415.0,2023-01-21,9.575,
8723.0,46315.0,2023-01-21,9.575,
8723.0,47415.0,2023-01-21,9.575,
8724.0,46315.0,2023-01-22,14.89,
8724.0,47415.0,2023-01-22,14.89,
8724.0,47415.0,2023-01-22,14.89,
8724.0,47400.0,2023-01-22,14.89,
8725.0,47415.0,2023-01-23,15.755,
8725.0,47415.0,2023-01-23,15.755,
8725.0,47400.0,2023-01-23,15.755,
8725.0,46315.0,2023-01-23,15.755,
8726.0,47400.0,2023-01-24,15.565,
8726.0,47415.0,2023-01-24,15.565,
8726.0,46315.0,2023-01-24,15.565,
8726.0,47415.0,2023-01-24,15.565,
8727.0,47415.0,2023-01-25,14.7,
8727.0,47400.0,2023-01-25,14.7,
8727.0,46315.0,2023-01-25,14.7,
8727.0,47415.0,2023-01-25,14.7,
8728.0,46315.0,2023-01-26,14.975,
8728.0,47400.0,2023-01-26,14.975,
8728.0,47415.0,2023-01-26,14.975,
8728.0,47415.0,2023-01-26,14.975,
8729.0,46315.0,2023-01-27,14.525,
8729.0,47400.0,2023-01-27,14.525,
8729.0,47415.0,2023-01-27,14.525,
8729.0,47415.0,2023-01-27,14.525,
8730.0,47400.0,2023-01-28,14.175,
8730.0,46315.0,2023-01-28,14.175,
8730.0,47415.0,2023-01-28,14.175,
8730.0,47415.0,2023-01-28,14.175,
8731.0,46315.0,2023-01-29,14.975,
8731.0,47400.0,2023-01-29,14.975,
8731.0,47415.0,2023-01-29,14.975,
8731.0,47415.0,2023-01-29,14.975,
8732.0,47415.0,2023-01-30,14.4,
8732.0,47415.0,2023-01-30,14.4,
8732.0,47400.0,2023-01-30,14.4,
8732.0,46315.0,2023-01-30,14.4,
8733.0,47415.0,2023-01-31,14.96,
8733.0,47415.0,2023-01-31,14.96,
8733.0,46315.0,2023-01-31,14.96,
8733.0,47400.0,2023-01-31,14.96,
8735.0,47415.0,2023-02-01,14.260000000000002,
8735.0,47415.0,2023-02-01,14.260000000000002,
8735.0,46315.0,2023-02-01,14.260000000000002,
8735.0,47400.0,2023-02-01,14.260000000000002,
8736.0,47415.0,2023-02-02,16.38,
8736.0,47415.0,2023-02-02,16.38,
8736.0,46315.0,2023-02-02,16.38,
8736.0,47400.0,2023-02-02,16.38,
8737.0,47415.0,2023-02-03,15.115,
8737.0,47415.0,2023-02-03,15.115,
8737.0,46315.0,2023-02-03,15.115,
8737.0,47400.0,2023-02-03,15.115,
8738.0,46315.0,2023-02-04,15.27,
8738.0,47415.0,2023-02-04,15.27,
8738.0,47400.0,2023-02-04,15.27,
8738.0,47415.0,2023-02-04,15.27,
8739.0,47415.0,2023-02-05,15.415,
8739.0,47415.0,2023-02-05,15.415,
8739.0,46315.0,2023-02-05,15.415,
8739.0,47400.0,2023-02-05,15.415,
8740.0,47415.0,2023-02-06,15.3,
8740.0,47400.0,2023-02-06,15.3,
8740.0,47415.0,2023-02-06,15.3,
8740.0,46315.0,2023-02-06,15.3,
8741.0,47400.0,2023-02-07,15.075,
8741.0,46315.0,2023-02-07,15.075,
8741.0,47415.0,2023-02-07,15.075,
8741.0,47415.0,2023-02-07,15.075,
8742.0,47415.0,2023-02-08,14.9,
8742.0,46315.0,2023-02-08,14.9,
8742.0,47400.0,2023-02-08,14.9,
8742.0,47415.0,2023-02-08,14.9,
8743.0,47400.0,2023-02-09,15.55,
8743.0,47415.0,2023-02-09,15.55,
8743.0,47415.0,2023-02-09,15.55,
8743.0,46315.0,2023-02-09,15.55,
8744.0,46315.0,2023-02-10,15.655,
8744.0,47415.0,2023-02-10,15.655,
8744.0,47415.0,2023-02-10,15.655,
8744.0,47400.0,2023-02-10,15.655,
8745.0,47400.0,2023-02-11,15.39,
8745.0,46315.0,2023-02-11,15.39,
8745.0,47415.0,2023-02-11,15.39,
8745.0,47415.0,2023-02-11,15.39,
8746.0,47415.0,2023-02-12,15.025,
8746.0,47400.0,2023-02-12,15.025,
8746.0,46315.0,2023-02-12,15.025,
8746.0,47415.0,2023-02-12,15.025,
8747.0,46315.0,2023-02-13,15.05,
8747.0,47400.0,2023-02-13,15.05,
8747.0,47415.0,2023-02-13,15.05,
8747.0,47415.0,2023-02-13,15.05,
8748.0,47415.0,2023-02-14,14.725,
8748.0,47400.0,2023-02-14,14.725,
8748.0,47415.0,2023-02-14,14.725,
8748.0,46315.0,2023-02-14,14.725,
8749.0,46315.0,2023-02-15,14.625,
8749.0,47415.0,2023-02-15,14.625,
8749.0,47415.0,2023-02-15,14.625,
8749.0,47400.0,2023-02-15,14.625,
8750.0,47415.0,2023-02-16,14.85,
8750.0,47415.0,2023-02-16,14.85,
8750.0,47400.0,2023-02-16,14.85,
8750.0,46315.0,2023-02-16,14.85,
8751.0,46315.0,2023-02-17,14.475,
8751.0,47415.0,2023-02-17,14.475,
8751.0,47415.0,2023-02-17,14.475,
8751.0,47400.0,2023-02-17,14.475,
8752.0,47447.0,2023-02-18,9.046,
8752.0,47588.0,2023-02-18,9.046,
8752.0,47400.0,2023-02-18,9.046,
8752.0,47415.0,2023-02-18,9.046,
8752.0,47400.0,2023-02-18,9.046,
8752.0,47400.0,2023-02-18,9.046,
8752.0,47415.0,2023-02-18,9.046,
8752.0,46315.0,2023-02-18,9.046,
8752.0,46315.0,2023-02-18,9.046,
8752.0,47810.0,2023-02-18,9.046,
8753.0,47400.0,2023-02-19,13.0375,
8753.0,47415.0,2023-02-19,13.0375,
8753.0,46315.0,2023-02-19,13.0375,
8753.0,47400.0,2023-02-19,13.0375,
8753.0,46315.0,2023-02-19,13.0375,
8753.0,47400.0,2023-02-19,13.0375,
8753.0,47415.0,2023-02-19,13.0375,
8753.0,47447.0,2023-02-19,13.0375,
8754.0,47810.0,2023-02-20,10.69,
8754.0,47415.0,2023-02-20,10.69,
8754.0,47447.0,2023-02-20,10.69,
8754.0,47400.0,2023-02-20,10.69,
8754.0,46315.0,2023-02-20,10.69,
8754.0,47415.0,2023-02-20,10.69,
8754.0,47810.0,2023-02-20,10.69,
8754.0,47810.0,2023-02-20,10.69,
8754.0,47810.0,2023-02-20,10.69,
8754.0,47810.0,2023-02-20,10.69,
8755.0,47588.0,2023-02-21,14.0,
8755.0,47400.0,2023-02-21,14.0,
8755.0,46315.0,2023-02-21,14.0,
8755.0,47415.0,2023-02-21,14.0,
8755.0,47810.0,2023-02-21,14.0,
8755.0,47415.0,2023-02-21,14.0,
8756.0,47415.0,2023-02-22,15.05,
8756.0,47400.0,2023-02-22,15.05,
8756.0,47415.0,2023-02-22,15.05,
8756.0,46315.0,2023-02-22,15.05,
8757.0,46315.0,2023-02-23,14.88,
8757.0,47400.0,2023-02-23,14.88,
8757.0,47415.0,2023-02-23,14.88,
8757.0,47415.0,2023-02-23,14.88,
8758.0,46315.0,2023-02-24,14.855,
8758.0,47415.0,2023-02-24,14.855,
8758.0,47415.0,2023-02-24,14.855,
8758.0,47400.0,2023-02-24,14.855,
8759.0,46315.0,2023-02-25,13.795,
8759.0,47415.0,2023-02-25,13.795,
8759.0,47415.0,2023-02-25,13.795,
8759.0,47400.0,2023-02-25,13.795,
8760.0,44843.0,2023-02-26,12.632,
8760.0,47400.0,2023-02-26,12.632,
8760.0,47415.0,2023-02-26,12.632,
8760.0,47415.0,2023-02-26,12.632,
8760.0,46315.0,2023-02-26,12.632,
8761.0,47415.0,2023-02-27,13.36,
8761.0,47415.0,2023-02-27,13.36,
8761.0,47400.0,2023-02-27,13.36,
8761.0,46315.0,2023-02-27,13.36,
8762.0,47415.0,2023-02-28,13.2875,
8762.0,46315.0,2023-02-28,13.2875,
8762.0,47400.0,2023-02-28,13.2875,
8762.0,47415.0,2023-02-28,13.2875,
8764.0,47415.0,2023-03-01,21.1,
8764.0,47400.0,2023-03-01,21.1,
8764.0,46315.0,2023-03-01,21.1,
8765.0,47810.0,2023-03-02,13.873333333333337,
8765.0,47415.0,2023-03-02,13.873333333333337,
8765.0,47810.0,2023-03-02,13.873333333333337,
8765.0,47400.0,2023-03-02,13.873333333333337,
8765.0,44843.0,2023-03-02,13.873333333333337,
8765.0,46315.0,2023-03-02,13.873333333333337,
8766.0,46315.0,2023-03-03,21.71666666666667,
8766.0,47400.0,2023-03-03,21.71666666666667,
8766.0,47415.0,2023-03-03,21.71666666666667,
8767.0,46315.0,2023-03-04,22.0,
8767.0,47400.0,2023-03-04,22.0,
8767.0,47415.0,2023-03-04,22.0,
8768.0,47415.0,2023-03-05,22.53333333333333,
8768.0,47400.0,2023-03-05,22.53333333333333,
8768.0,46315.0,2023-03-05,22.53333333333333,
8769.0,46315.0,2023-03-06,21.46666666666667,
8769.0,47415.0,2023-03-06,21.46666666666667,
8769.0,47400.0,2023-03-06,21.46666666666667,
8770.0,47400.0,2023-03-07,21.72,
8770.0,47415.0,2023-03-07,21.72,
8770.0,46315.0,2023-03-07,21.72,
8771.0,47415.0,2023-03-08,20.75,
8771.0,47400.0,2023-03-08,20.75,
8771.0,46315.0,2023-03-08,20.75,
8772.0,47400.0,2023-03-09,20.59,
8772.0,46315.0,2023-03-09,20.59,
8772.0,47415.0,2023-03-09,20.59,
8773.0,46315.0,2023-03-10,20.4,
8773.0,47415.0,2023-03-10,20.4,
8773.0,47400.0,2023-03-10,20.4,
8774.0,47415.0,2023-03-11,20.53333333333333,
8774.0,46315.0,2023-03-11,20.53333333333333,
8774.0,47400.0,2023-03-11,20.53333333333333,
8775.0,47415.0,2023-03-12,20.666666666666668,
8775.0,47400.0,2023-03-12,20.666666666666668,
8775.0,46315.0,2023-03-12,20.666666666666668,
8776.0,47400.0,2023-03-13,20.333333333333332,
8776.0,46315.0,2023-03-13,20.333333333333332,
8776.0,47415.0,2023-03-13,20.333333333333332,
8777.0,47415.0,2023-03-14,20.766666666666666,
8777.0,46315.0,2023-03-14,20.766666666666666,
8777.0,47400.0,2023-03-14,20.766666666666666,
8778.0,47415.0,2023-03-15,20.74,
8778.0,46315.0,2023-03-15,20.74,
8778.0,47400.0,2023-03-15,20.74,
8779.0,47400.0,2023-03-16,20.146666666666665,
8779.0,46315.0,2023-03-16,20.146666666666665,
8779.0,47415.0,2023-03-16,20.146666666666665,
8780.0,46315.0,2023-03-17,20.55,
8780.0,47415.0,2023-03-17,20.55,
8780.0,47400.0,2023-03-17,20.55,
8781.0,47400.0,2023-03-18,20.726666666666667,
8781.0,46315.0,2023-03-18,20.726666666666667,
8781.0,47415.0,2023-03-18,20.726666666666667,
8782.0,46315.0,2023-03-19,20.323333333333338,
8782.0,47415.0,2023-03-19,20.323333333333338,
8782.0,47400.0,2023-03-19,20.323333333333338,
8783.0,46315.0,2023-03-20,20.35,
8783.0,47400.0,2023-03-20,20.35,
8783.0,47415.0,2023-03-20,20.35,
8784.0,47400.0,2023-03-21,19.59,
8784.0,46315.0,2023-03-21,19.59,
8784.0,47415.0,2023-03-21,19.59,
8785.0,46315.0,2023-03-22,19.35,
8785.0,47400.0,2023-03-22,19.35,
8785.0,47415.0,2023-03-22,19.35,
8786.0,46315.0,2023-03-23,18.7,
8786.0,47415.0,2023-03-23,18.7,
8786.0,47400.0,2023-03-23,18.7,
8787.0,46315.0,2023-03-24,18.53333333333333,
8787.0,47415.0,2023-03-24,18.53333333333333,
8787.0,47400.0,2023-03-24,18.53333333333333,
8788.0,47400.0,2023-03-25,18.28333333333333,
8788.0,47415.0,2023-03-25,18.28333333333333,
8788.0,46315.0,2023-03-25,18.28333333333333,
8789.0,46315.0,2023-03-26,18.209999999999997,
8789.0,47415.0,2023-03-26,18.209999999999997,
8789.0,47400.0,2023-03-26,18.209999999999997,
8790.0,46315.0,2023-03-27,17.513333333333335,
8790.0,47400.0,2023-03-27,17.513333333333335,
8790.0,47415.0,2023-03-27,17.513333333333335,
8791.0,47400.0,2023-03-28,17.26666666666667,
8791.0,46315.0,2023-03-28,17.26666666666667,
8791.0,47415.0,2023-03-28,17.26666666666667,
8792.0,46315.0,2023-03-29,17.83,
8792.0,47415.0,2023-03-29,17.83,
8792.0,47400.0,2023-03-29,17.83,
8793.0,46315.0,2023-03-30,18.21,
8793.0,47415.0,2023-03-30,18.21,
8793.0,47400.0,2023-03-30,18.21,
8794.0,46315.0,2023-03-31,17.836666666666666,
8794.0,47400.0,2023-03-31,17.836666666666666,
8794.0,47415.0,2023-03-31,17.836666666666666,
8796.0,46315.0,2023-04-01,17.525,
8796.0,47415.0,2023-04-01,17.525,
8797.0,46315.0,2023-04-02,16.965,
8797.0,47415.0,2023-04-02,16.965,
8798.0,46315.0,2023-04-03,16.275,
8798.0,47415.0,2023-04-03,16.275,
8799.0,46315.0,2023-04-04,8.72,
8799.0,47810.0,2023-04-04,8.72,
8799.0,47415.0,2023-04-04,8.72,
8799.0,47810.0,2023-04-04,8.72,
8800.0,47415.0,2023-04-05,15.945,
8800.0,46315.0,2023-04-05,15.945,
8801.0,46315.0,2023-04-06,15.665,
8801.0,47415.0,2023-04-06,15.665,
8802.0,47415.0,2023-04-07,15.77,
8802.0,46315.0,2023-04-07,15.77,
8803.0,47415.0,2023-04-08,15.945,
8803.0,46315.0,2023-04-08,15.945,
8804.0,46315.0,2023-04-09,15.0,
8804.0,47415.0,2023-04-09,15.0,
8805.0,47415.0,2023-04-10,15.2,
8805.0,46315.0,2023-04-10,15.2,
8806.0,46315.0,2023-04-11,14.77,
8806.0,47415.0,2023-04-11,14.77,
8807.0,46315.0,2023-04-12,14.965,
8807.0,47415.0,2023-04-12,14.965,
8808.0,46315.0,2023-04-13,15.095,
8808.0,47415.0,2023-04-13,15.095,
8809.0,46315.0,2023-04-14,14.34,
8809.0,47415.0,2023-04-14,14.34,
8810.0,46315.0,2023-04-15,15.265,
8810.0,47415.0,2023-04-15,15.265,
8811.0,46315.0,2023-04-16,14.8,
8811.0,47415.0,2023-04-16,14.8,
8812.0,47415.0,2023-04-17,14.685,
8812.0,46315.0,2023-04-17,14.685,
8813.0,46315.0,2023-04-18,15.225,
8813.0,47415.0,2023-04-18,15.225,
8814.0,46315.0,2023-04-19,12.95,
8814.0,47415.0,2023-04-19,12.95,
8815.0,47415.0,2023-04-20,13.1,
8815.0,46315.0,2023-04-20,13.1,
8816.0,47415.0,2023-04-21,15.39,
8816.0,46315.0,2023-04-21,15.39,
8817.0,47415.0,2023-04-22,16.88,
8817.0,46315.0,2023-04-22,16.88,
8818.0,46315.0,2023-04-23,16.689999999999998,
8818.0,47415.0,2023-04-23,16.689999999999998,
8819.0,46315.0,2023-04-24,16.125,
8819.0,47415.0,2023-04-24,16.125,
8820.0,46315.0,2023-04-25,15.125,
8820.0,47415.0,2023-04-25,15.125,
8821.0,46315.0,2023-04-26,15.025,
8821.0,47415.0,2023-04-26,15.025,
8822.0,47415.0,2023-04-27,14.75,
8822.0,46315.0,2023-04-27,14.75,
8823.0,47415.0,2023-04-28,14.325,
8823.0,46315.0,2023-04-28,14.325,
8824.0,46315.0,2023-04-29,14.55,
8824.0,47415.0,2023-04-29,14.55,
8825.0,47415.0,2023-04-30,14.66,
8825.0,46315.0,2023-04-30,14.66,
8827.0,47415.0,2023-05-01,13.985,
8827.0,46315.0,2023-05-01,13.985,
8828.0,46315.0,2023-05-02,14.405,
8828.0,47415.0,2023-05-02,14.405,
8829.0,46315.0,2023-05-03,13.515,
8829.0,47415.0,2023-05-03,13.515,
8830.0,47415.0,2023-05-04,12.57,
8830.0,46315.0,2023-05-04,12.57,
8831.0,46315.0,2023-05-05,12.165,
8831.0,47415.0,2023-05-05,12.165,
8832.0,47415.0,2023-05-06,13.35,
8832.0,46315.0,2023-05-06,13.35,
8833.0,47415.0,2023-05-07,12.7875,
8833.0,47810.0,2023-05-07,12.7875,
8833.0,47810.0,2023-05-07,12.7875,
8833.0,46315.0,2023-05-07,12.7875,
8834.0,46315.0,2023-05-08,12.95,
8834.0,47415.0,2023-05-08,12.95,
8835.0,47415.0,2023-05-09,13.675,
8835.0,46315.0,2023-05-09,13.675,
8836.0,46315.0,2023-05-10,13.08,
8836.0,47415.0,2023-05-10,13.08,
8837.0,47415.0,2023-05-11,13.09,
8837.0,46315.0,2023-05-11,13.09,
8838.0,46315.0,2023-05-12,12.75,
8838.0,47415.0,2023-05-12,12.75,
8839.0,47415.0,2023-05-13,12.75,
8839.0,46315.0,2023-05-13,12.75,
8840.0,47415.0,2023-05-14,12.425,
8840.0,46315.0,2023-05-14,12.425,
8841.0,46315.0,2023-05-15,12.175,
8841.0,47415.0,2023-05-15,12.175,
8842.0,46315.0,2023-05-16,12.2,
8842.0,47415.0,2023-05-16,12.2,
8843.0,47415.0,2023-05-17,11.775,
8843.0,46315.0,2023-05-17,11.775,
8844.0,46315.0,2023-05-18,11.815,
8844.0,47415.0,2023-05-18,11.815,
8845.0,46315.0,2023-05-19,12.25,
8845.0,47415.0,2023-05-19,12.25,
8846.0,46315.0,2023-05-20,12.2,
8846.0,47415.0,2023-05-20,12.2,
8847.0,46315.0,2023-05-21,12.225,
8847.0,47415.0,2023-05-21,12.225,
8848.0,47415.0,2023-05-22,12.075,
8848.0,46315.0,2023-05-22,12.075,
8849.0,46315.0,2023-05-23,12.105,
8849.0,47415.0,2023-05-23,12.105,
8850.0,46315.0,2023-05-24,12.28,
8850.0,47415.0,2023-05-24,12.28,
8851.0,47415.0,2023-05-25,12.32,
8851.0,46315.0,2023-05-25,12.32,
8852.0,47415.0,2023-05-26,11.69,
8852.0,46315.0,2023-05-26,11.69,
8853.0,46315.0,2023-05-27,11.535,
8853.0,47415.0,2023-05-27,11.535,
8854.0,46315.0,2023-05-28,11.5,
8854.0,47415.0,2023-05-28,11.5,
8855.0,47415.0,2023-05-29,11.375,
8855.0,46315.0,2023-05-29,11.375,
8856.0,46315.0,2023-05-30,12.185,
8856.0,47415.0,2023-05-30,12.185,
8857.0,46315.0,2023-05-31,12.01,
8857.0,47415.0,2023-05-31,12.01,
8859.0,46315.0,2023-06-01,12.525,
8859.0,47415.0,2023-06-01,12.525,
8860.0,46315.0,2023-06-02,12.575,
8860.0,47415.0,2023-06-02,12.575,
8861.0,46315.0,2023-06-03,12.75,
8861.0,47415.0,2023-06-03,12.75,
8862.0,46315.0,2023-06-04,13.85,
8862.0,47415.0,2023-06-04,13.85,
8863.0,46315.0,2023-06-05,14.85,
8863.0,47415.0,2023-06-05,14.85,
8864.0,46315.0,2023-06-06,16.405,
8864.0,47415.0,2023-06-06,16.405,
8865.0,46315.0,2023-06-07,16.225,
8865.0,47415.0,2023-06-07,16.225,
8866.0,47415.0,2023-06-08,16.66,
8866.0,46315.0,2023-06-08,16.66,
8867.0,47415.0,2023-06-09,16.1,
8867.0,46315.0,2023-06-09,16.1,
8868.0,47415.0,2023-06-10,12.3,
8868.0,46315.0,2023-06-10,12.3,
8868.0,44843.0,2023-06-10,12.3,
8869.0,46315.0,2023-06-11,14.8,
8869.0,47810.0,2023-06-11,14.8,
8869.0,47415.0,2023-06-11,14.8,
8870.0,47415.0,2023-06-12,59.125,
8870.0,47415.0,2023-06-12,59.125,
8870.0,47538.0,2023-06-12,59.125,
8870.0,46315.0,2023-06-12,59.125,
8871.0,46315.0,2023-06-13,14.15,
8871.0,47415.0,2023-06-13,14.15,
8871.0,46315.0,2023-06-13,14.15,
8872.0,44843.0,2023-06-14,14.773333333333332,
8872.0,47415.0,2023-06-14,14.773333333333332,
8872.0,46315.0,2023-06-14,14.773333333333332,
8873.0,47415.0,2023-06-15,72.58999999999999,
8873.0,46315.0,2023-06-15,72.58999999999999,
8873.0,46315.0,2023-06-15,72.58999999999999,
8873.0,46315.0,2023-06-15,72.58999999999999,
8873.0,46315.0,2023-06-15,72.58999999999999,
8873.0,46315.0,2023-06-15,72.58999999999999,
8874.0,46315.0,2023-06-16,46.71,
8874.0,47415.0,2023-06-16,46.71,
8874.0,47415.0,2023-06-16,46.71,
8874.0,46315.0,2023-06-16,46.71,
8874.0,46315.0,2023-06-16,46.71,
8875.0,46315.0,2023-06-17,13.543333333333331,
8875.0,46315.0,2023-06-17,13.543333333333331,
8875.0,47415.0,2023-06-17,13.543333333333331,
8876.0,46315.0,2023-06-18,13.423333333333332,
8876.0,47415.0,2023-06-18,13.423333333333332,
8876.0,46315.0,2023-06-18,13.423333333333332,
8877.0,46315.0,2023-06-19,13.416666666666666,
8877.0,46315.0,2023-06-19,13.416666666666666,
8877.0,47415.0,2023-06-19,13.416666666666666,
8878.0,46315.0,2023-06-20,15.235,
8878.0,47415.0,2023-06-20,15.235,
8879.0,46315.0,2023-06-21,15.825,
8879.0,47415.0,2023-06-21,15.825,
8880.0,47415.0,2023-06-22,15.525,
8880.0,46315.0,2023-06-22,15.525,
8881.0,47415.0,2023-06-23,15.975,
8881.0,46315.0,2023-06-23,15.975,
8882.0,47415.0,2023-06-24,15.9,
8882.0,46315.0,2023-06-24,15.9,
8883.0,46315.0,2023-06-25,13.86,
8883.0,47415.0,2023-06-25,13.86,
8883.0,46315.0,2023-06-25,13.86,
8884.0,46315.0,2023-06-26,13.596666666666666,
8884.0,47415.0,2023-06-26,13.596666666666666,
8884.0,46315.0,2023-06-26,13.596666666666666,
8885.0,46315.0,2023-06-27,16.1,
8885.0,47415.0,2023-06-27,16.1,
8886.0,46315.0,2023-06-28,14.745,
8886.0,47415.0,2023-06-28,14.745,
8887.0,46315.0,2023-06-29,15.96,
8887.0,47415.0,2023-06-29,15.96,
8887.0,47415.0,2023-06-29,15.96,
8888.0,46315.0,2023-06-30,18.7275,
8888.0,47415.0,2023-06-30,18.7275,
8888.0,47415.0,2023-06-30,18.7275,
8888.0,47415.0,2023-06-30,18.7275,
8890.0,47415.0,2023-07-01,11.13,
8890.0,46315.0,2023-07-01,11.13,
8890.0,47415.0,2023-07-01,11.13,
8890.0,46315.0,2023-07-01,11.13,
8890.0,47415.0,2023-07-01,11.13,
8891.0,47415.0,2023-07-02,121.296,
8891.0,46315.0,2023-07-02,121.296,
8891.0,46315.0,2023-07-02,121.296,
8891.0,47415.0,2023-07-02,121.296,
8891.0,47415.0,2023-07-02,121.296,
8892.0,47415.0,2023-07-03,13.466666666666669,
8892.0,46315.0,2023-07-03,13.466666666666669,
8892.0,46315.0,2023-07-03,13.466666666666669,
8892.0,47588.0,2023-07-03,13.466666666666669,
8892.0,47588.0,2023-07-03,13.466666666666669,
8892.0,47415.0,2023-07-03,13.466666666666669,
8893.0,47415.0,2023-07-04,13.866,
8893.0,47415.0,2023-07-04,13.866,
8893.0,46315.0,2023-07-04,13.866,
8893.0,46315.0,2023-07-04,13.866,
8893.0,47810.0,2023-07-04,13.866,
8894.0,46315.0,2023-07-05,168.2225,
8894.0,47415.0,2023-07-05,168.2225,
8894.0,47415.0,2023-07-05,168.2225,
8894.0,46315.0,2023-07-05,168.2225,
8895.0,47415.0,2023-07-06,16.39,
8895.0,46315.0,2023-07-06,16.39,
8896.0,47810.0,2023-07-07,11.12,
8896.0,47415.0,2023-07-07,11.12,
8896.0,46315.0,2023-07-07,11.12,
8896.0,47588.0,2023-07-07,11.12,
8896.0,47810.0,2023-07-07,11.12,
8896.0,47588.0,2023-07-07,11.12,
8896.0,47588.0,2023-07-07,11.12,
8897.0,46315.0,2023-07-08,15.245,
8897.0,47415.0,2023-07-08,15.245,
8898.0,47415.0,2023-07-09,14.625,
8898.0,46315.0,2023-07-09,14.625,
8899.0,46315.0,2023-07-10,14.475,
8899.0,47415.0,2023-07-10,14.475,
8900.0,46315.0,2023-07-11,14.945,
8900.0,47415.0,2023-07-11,14.945,
8901.0,47415.0,2023-07-12,14.765,
8901.0,46315.0,2023-07-12,14.765,
8902.0,47415.0,2023-07-13,15.12,
8902.0,46315.0,2023-07-13,15.12,
8903.0,46315.0,2023-07-14,14.965,
8903.0,47415.0,2023-07-14,14.965,
8904.0,46315.0,2023-07-15,14.99,
8904.0,47415.0,2023-07-15,14.99,
8905.0,46315.0,2023-07-16,14.6,
8905.0,47415.0,2023-07-16,14.6,
8906.0,46315.0,2023-07-17,15.035,
8906.0,47415.0,2023-07-17,15.035,
8907.0,47588.0,2023-07-18,13.375,
8907.0,47810.0,2023-07-18,13.375,
8907.0,47415.0,2023-07-18,13.375,
8907.0,46315.0,2023-07-18,13.375,
8907.0,47810.0,2023-07-18,13.375,
8907.0,47588.0,2023-07-18,13.375,
8908.0,47415.0,2023-07-19,13.475,
8908.0,46315.0,2023-07-19,13.475,
8909.0,46315.0,2023-07-20,13.675,
8909.0,47415.0,2023-07-20,13.675,
8910.0,47588.0,2023-07-21,13.555,
8910.0,47810.0,2023-07-21,13.555,
8910.0,47415.0,2023-07-21,13.555,
8910.0,47588.0,2023-07-21,13.555,
8910.0,47810.0,2023-07-21,13.555,
8910.0,46315.0,2023-07-21,13.555,
8911.0,47415.0,2023-07-22,15.93,
8911.0,46315.0,2023-07-22,15.93,
8912.0,46315.0,2023-07-23,16.59,
8912.0,47415.0,2023-07-23,16.59,
8913.0,47415.0,2023-07-24,16.275,
8913.0,46315.0,2023-07-24,16.275,
8914.0,47588.0,2023-07-25,10.5,
8914.0,47415.0,2023-07-25,10.5,
8914.0,46315.0,2023-07-25,10.5,
8914.0,47810.0,2023-07-25,10.5,
8914.0,47810.0,2023-07-25,10.5,
8915.0,47415.0,2023-07-26,15.925,
8915.0,46315.0,2023-07-26,15.925,
8916.0,47415.0,2023-07-27,15.425,
8916.0,46315.0,2023-07-27,15.425,
8917.0,47588.0,2023-07-28,12.18,
8917.0,46315.0,2023-07-28,12.18,
8917.0,47415.0,2023-07-28,12.18,
8917.0,47588.0,2023-07-28,12.18,
8917.0,47810.0,2023-07-28,12.18,
8918.0,47810.0,2023-07-29,13.8,
8918.0,47588.0,2023-07-29,13.8,
8918.0,46315.0,2023-07-29,13.8,
8918.0,47415.0,2023-07-29,13.8,
8919.0,46315.0,2023-07-30,12.223333333333334,
8919.0,47810.0,2023-07-30,12.223333333333334,
8919.0,47415.0,2023-07-30,12.223333333333334,
8920.0,46315.0,2023-07-31,15.06,
8920.0,47415.0,2023-07-31,15.06,
8922.0,47810.0,2023-08-01,16.018333333333334,
8922.0,47415.0,2023-08-01,16.018333333333334,
8922.0,47588.0,2023-08-01,16.018333333333334,
8922.0,47588.0,2023-08-01,16.018333333333334,
8922.0,46315.0,2023-08-01,16.018333333333334,
8922.0,47810.0,2023-08-01,16.018333333333334,
8923.0,46315.0,2023-08-02,14.74,
8923.0,47415.0,2023-08-02,14.74,
8924.0,47415.0,2023-08-03,14.77,
8924.0,46315.0,2023-08-03,14.77,
8925.0,46315.0,2023-08-04,14.113333333333337,
8925.0,47810.0,2023-08-04,14.113333333333337,
8925.0,47810.0,2023-08-04,14.113333333333337,
8925.0,47415.0,2023-08-04,14.113333333333337,
8925.0,47588.0,2023-08-04,14.113333333333337,
8925.0,47588.0,2023-08-04,14.113333333333337,
8926.0,47415.0,2023-08-05,14.5,
8926.0,46315.0,2023-08-05,14.5,
8927.0,46315.0,2023-08-06,15.3,
8927.0,47415.0,2023-08-06,15.3,
8928.0,46315.0,2023-08-07,14.95,
8928.0,47415.0,2023-08-07,14.95,
8929.0,47415.0,2023-08-08,15.966666666666669,
8929.0,46315.0,2023-08-08,15.966666666666669,
8929.0,47810.0,2023-08-08,15.966666666666669,
8929.0,47588.0,2023-08-08,15.966666666666669,
8929.0,47588.0,2023-08-08,15.966666666666669,
8929.0,47810.0,2023-08-08,15.966666666666669,
8930.0,46315.0,2023-08-09,15.605,
8930.0,47415.0,2023-08-09,15.605,
8931.0,46315.0,2023-08-10,15.515,
8931.0,47415.0,2023-08-10,15.515,
8932.0,47588.0,2023-08-11,16.23,
8932.0,47588.0,2023-08-11,16.23,
8932.0,47415.0,2023-08-11,16.23,
8932.0,47810.0,2023-08-11,16.23,
8932.0,46315.0,2023-08-11,16.23,
8933.0,47415.0,2023-08-12,15.475,
8933.0,46315.0,2023-08-12,15.475,
8934.0,46315.0,2023-08-13,14.575,
8934.0,47415.0,2023-08-13,14.575,
8935.0,47415.0,2023-08-14,14.5,
8935.0,46315.0,2023-08-14,14.5,
8936.0,47415.0,2023-08-15,13.2,
8936.0,47810.0,2023-08-15,13.2,
8936.0,46315.0,2023-08-15,13.2,
8936.0,47588.0,2023-08-15,13.2,
8936.0,47810.0,2023-08-15,13.2,
8936.0,47588.0,2023-08-15,13.2,
8937.0,47415.0,2023-08-16,14.225,
8937.0,46315.0,2023-08-16,14.225,
8938.0,47415.0,2023-08-17,14.24,
8938.0,46315.0,2023-08-17,14.24,
8939.0,47588.0,2023-08-18,18.975,
8939.0,47810.0,2023-08-18,18.975,
8939.0,47810.0,2023-08-18,18.975,
8939.0,46315.0,2023-08-18,18.975,
8939.0,47415.0,2023-08-18,18.975,
8939.0,47588.0,2023-08-18,18.975,
8940.0,47415.0,2023-08-19,14.325,
8940.0,46315.0,2023-08-19,14.325,
8941.0,47415.0,2023-08-20,14.5,
8941.0,46315.0,2023-08-20,14.5,
8942.0,46315.0,2023-08-21,14.85,
8942.0,47415.0,2023-08-21,14.85,
8943.0,47810.0,2023-08-22,18.643333333333334,
8943.0,47415.0,2023-08-22,18.643333333333334,
8943.0,47588.0,2023-08-22,18.643333333333334,
8943.0,46315.0,2023-08-22,18.643333333333334,
8943.0,47588.0,2023-08-22,18.643333333333334,
8943.0,47810.0,2023-08-22,18.643333333333334,
8944.0,46315.0,2023-08-23,14.955,
8944.0,47415.0,2023-08-23,14.955,
8945.0,46315.0,2023-08-24,12.82,
8945.0,47415.0,2023-08-24,12.82,
8946.0,47415.0,2023-08-25,16.413333333333334,
8946.0,47588.0,2023-08-25,16.413333333333334,
8946.0,47810.0,2023-08-25,16.413333333333334,
8946.0,47588.0,2023-08-25,16.413333333333334,
8946.0,47810.0,2023-08-25,16.413333333333334,
8946.0,46315.0,2023-08-25,16.413333333333334,
8947.0,46315.0,2023-08-26,13.91,
8947.0,47415.0,2023-08-26,13.91,
8948.0,47415.0,2023-08-27,13.95,
8948.0,46315.0,2023-08-27,13.95,
8949.0,47415.0,2023-08-28,14.075,
8949.0,46315.0,2023-08-28,14.075,
8950.0,47588.0,2023-08-29,16.43166666666667,
8950.0,46315.0,2023-08-29,16.43166666666667,
8950.0,47810.0,2023-08-29,16.43166666666667,
8950.0,47810.0,2023-08-29,16.43166666666667,
8950.0,47415.0,2023-08-29,16.43166666666667,
8950.0,47588.0,2023-08-29,16.43166666666667,
8951.0,47415.0,2023-08-30,14.55,
8951.0,46315.0,2023-08-30,14.55,
8952.0,46315.0,2023-08-31,15.225,
8952.0,47415.0,2023-08-31,15.225,
8954.0,47810.0,2023-09-01,16.233333333333334,
8954.0,47415.0,2023-09-01,16.233333333333334,
8954.0,47810.0,2023-09-01,16.233333333333334,
8954.0,46315.0,2023-09-01,16.233333333333334,
8954.0,47588.0,2023-09-01,16.233333333333334,
8954.0,47588.0,2023-09-01,16.233333333333334,
8955.0,47415.0,2023-09-02,15.3,
8955.0,46315.0,2023-09-02,15.3,
8956.0,46315.0,2023-09-03,16.08,
8956.0,47415.0,2023-09-03,16.08,
8957.0,46315.0,2023-09-04,15.825,
8957.0,47415.0,2023-09-04,15.825,
8958.0,47810.0,2023-09-05,20.32,
8958.0,47588.0,2023-09-05,20.32,
8958.0,46315.0,2023-09-05,20.32,
8958.0,47588.0,2023-09-05,20.32,
8958.0,47810.0,2023-09-05,20.32,
8958.0,47415.0,2023-09-05,20.32,
8959.0,47415.0,2023-09-06,15.525,
8959.0,46315.0,2023-09-06,15.525,
8960.0,47415.0,2023-09-07,15.5,
8960.0,46315.0,2023-09-07,15.5,
8961.0,46315.0,2023-09-08,20.983333333333334,
8961.0,47588.0,2023-09-08,20.983333333333334,
8961.0,47810.0,2023-09-08,20.983333333333334,
8961.0,47415.0,2023-09-08,20.983333333333334,
8961.0,47810.0,2023-09-08,20.983333333333334,
8961.0,47588.0,2023-09-08,20.983333333333334,
8962.0,46315.0,2023-09-09,15.05,
8962.0,47415.0,2023-09-09,15.05,
8963.0,47415.0,2023-09-10,15.45,
8963.0,46315.0,2023-09-10,15.45,
8964.0,47415.0,2023-09-11,15.91,
8964.0,46315.0,2023-09-11,15.91,
8965.0,47810.0,2023-09-12,19.265,
8965.0,47415.0,2023-09-12,19.265,
8965.0,47810.0,2023-09-12,19.265,
8965.0,46315.0,2023-09-12,19.265,
8965.0,47588.0,2023-09-12,19.265,
8965.0,47588.0,2023-09-12,19.265,
8966.0,46315.0,2023-09-13,15.075,
8966.0,47415.0,2023-09-13,15.075,
8967.0,46315.0,2023-09-14,16.115,
8967.0,47415.0,2023-09-14,16.115,
8968.0,47588.0,2023-09-15,18.695,
8968.0,47810.0,2023-09-15,18.695,
8968.0,47588.0,2023-09-15,18.695,
8968.0,47415.0,2023-09-15,18.695,
8968.0,47810.0,2023-09-15,18.695,
8968.0,46315.0,2023-09-15,18.695,
8969.0,46315.0,2023-09-16,15.425,
8969.0,47415.0,2023-09-16,15.425,
8970.0,46315.0,2023-09-17,15.21,
8970.0,47415.0,2023-09-17,15.21,
8971.0,46315.0,2023-09-18,14.975,
8971.0,47415.0,2023-09-18,14.975,
8972.0,47810.0,2023-09-19,19.941666666666663,
8972.0,47415.0,2023-09-19,19.941666666666663,
8972.0,47588.0,2023-09-19,19.941666666666663,
8972.0,47810.0,2023-09-19,19.941666666666663,
8972.0,47588.0,2023-09-19,19.941666666666663,
8972.0,46315.0,2023-09-19,19.941666666666663,
8973.0,47415.0,2023-09-20,15.35,
8973.0,46315.0,2023-09-20,15.35,
8974.0,47415.0,2023-09-21,14.975,
8974.0,46315.0,2023-09-21,14.975,
8975.0,47810.0,2023-09-22,16.688333333333333,
8975.0,47810.0,2023-09-22,16.688333333333333,
8975.0,47588.0,2023-09-22,16.688333333333333,
8975.0,47415.0,2023-09-22,16.688333333333333,
8975.0,47588.0,2023-09-22,16.688333333333333,
8975.0,46315.0,2023-09-22,16.688333333333333,
8976.0,47415.0,2023-09-23,15.27,
8976.0,46315.0,2023-09-23,15.27,
8977.0,46315.0,2023-09-24,15.3,
8977.0,47415.0,2023-09-24,15.3,
8978.0,47415.0,2023-09-25,14.695,
8978.0,46315.0,2023-09-25,14.695,
8979.0,47810.0,2023-09-26,19.271666666666665,
8979.0,47588.0,2023-09-26,19.271666666666665,
8979.0,47588.0,2023-09-26,19.271666666666665,
8979.0,47810.0,2023-09-26,19.271666666666665,
8979.0,47415.0,2023-09-26,19.271666666666665,
8979.0,46315.0,2023-09-26,19.271666666666665,
8980.0,46315.0,2023-09-27,14.63,
8980.0,47415.0,2023-09-27,14.63,
8981.0,47415.0,2023-09-28,14.575,
8981.0,46315.0,2023-09-28,14.575,
8982.0,47588.0,2023-09-29,20.463333333333335,
8982.0,46315.0,2023-09-29,20.463333333333335,
8982.0,47588.0,2023-09-29,20.463333333333335,
8982.0,47415.0,2023-09-29,20.463333333333335,
8982.0,47810.0,2023-09-29,20.463333333333335,
8982.0,47810.0,2023-09-29,20.463333333333335,
8983.0,46315.0,2023-09-30,14.975,
8983.0,47415.0,2023-09-30,14.975,
8985.0,46315.0,2023-10-01,14.79,
8985.0,47415.0,2023-10-01,14.79,
8986.0,47415.0,2023-10-02,16.244999999999997,
8986.0,46315.0,2023-10-02,16.244999999999997,
8987.0,47588.0,2023-10-03,27.7325,
8987.0,46315.0,2023-10-03,27.7325,
8987.0,47415.0,2023-10-03,27.7325,
8987.0,47810.0,2023-10-03,27.7325,
8988.0,46315.0,2023-10-04,14.72,
8988.0,47415.0,2023-10-04,14.72,
8989.0,46315.0,2023-10-05,15.37,
8989.0,47415.0,2023-10-05,15.37,
8990.0,47588.0,2023-10-06,20.0,
8990.0,46315.0,2023-10-06,20.0,
8990.0,47415.0,2023-10-06,20.0,
8990.0,47810.0,2023-10-06,20.0,
8991.0,46315.0,2023-10-07,15.15,
8991.0,47415.0,2023-10-07,15.15,
8992.0,46315.0,2023-10-08,15.12,
8992.0,47415.0,2023-10-08,15.12,
8993.0,47415.0,2023-10-09,14.84,
8993.0,46315.0,2023-10-09,14.84,
8994.0,47588.0,2023-10-10,26.0225,
8994.0,47415.0,2023-10-10,26.0225,
8994.0,46315.0,2023-10-10,26.0225,
8994.0,47810.0,2023-10-10,26.0225,
8995.0,46315.0,2023-10-11,14.715,
8995.0,47415.0,2023-10-11,14.715,
8996.0,46315.0,2023-10-12,14.315,
8996.0,47415.0,2023-10-12,14.315,
8997.0,47810.0,2023-10-13,14.566666666666668,
8997.0,46315.0,2023-10-13,14.566666666666668,
8997.0,47810.0,2023-10-13,14.566666666666668,
8997.0,47588.0,2023-10-13,14.566666666666668,
8997.0,47588.0,2023-10-13,14.566666666666668,
8997.0,47415.0,2023-10-13,14.566666666666668,
8998.0,46315.0,2023-10-14,14.31,
8998.0,47415.0,2023-10-14,14.31,
8999.0,47415.0,2023-10-15,14.225,
8999.0,46315.0,2023-10-15,14.225,
9000.0,46315.0,2023-10-16,11.9,
9000.0,47415.0,2023-10-16,11.9,
9001.0,47588.0,2023-10-17,18.125,
9001.0,47810.0,2023-10-17,18.125,
9001.0,47810.0,2023-10-17,18.125,
9001.0,47415.0,2023-10-17,18.125,
9001.0,47588.0,2023-10-17,18.125,
9001.0,46315.0,2023-10-17,18.125,
9002.0,47415.0,2023-10-18,15.49,
9002.0,46315.0,2023-10-18,15.49,
9003.0,47415.0,2023-10-19,14.73,
9003.0,46315.0,2023-10-19,14.73,
9004.0,47810.0,2023-10-20,15.921666666666669,
9004.0,47810.0,2023-10-20,15.921666666666669,
9004.0,47588.0,2023-10-20,15.921666666666669,
9004.0,47415.0,2023-10-20,15.921666666666669,
9004.0,47588.0,2023-10-20,15.921666666666669,
9004.0,46315.0,2023-10-20,15.921666666666669,
9005.0,46315.0,2023-10-21,14.8,
9005.0,47415.0,2023-10-21,14.8,
9006.0,47415.0,2023-10-22,14.5,
9006.0,46315.0,2023-10-22,14.5,
9007.0,47415.0,2023-10-23,13.775,
9007.0,46315.0,2023-10-23,13.775,
9008.0,46315.0,2023-10-24,14.175,
9008.0,47415.0,2023-10-24,14.175,
9009.0,46315.0,2023-10-25,13.975,
9009.0,47415.0,2023-10-25,13.975,
9010.0,47415.0,2023-10-26,13.8,
9010.0,46315.0,2023-10-26,13.8,
9011.0,47415.0,2023-10-27,14.66,
9011.0,46315.0,2023-10-27,14.66,
9012.0,47415.0,2023-10-28,14.585,
9012.0,46315.0,2023-10-28,14.585,
9013.0,46315.0,2023-10-29,15.305,
9013.0,47415.0,2023-10-29,15.305,
9014.0,46315.0,2023-10-30,14.24,
9014.0,47415.0,2023-10-30,14.24,
9015.0,46315.0,2023-10-31,14.37,
9015.0,47415.0,2023-10-31,14.37,
9017.0,46315.0,2023-11-01,15.35,
9017.0,47415.0,2023-11-01,15.35,
9018.0,47415.0,2023-11-02,15.95,
9018.0,46315.0,2023-11-02,15.95,
9019.0,46315.0,2023-11-03,15.78,
9019.0,47415.0,2023-11-03,15.78,
9020.0,46315.0,2023-11-04,16.41,
9020.0,47415.0,2023-11-04,16.41,
9021.0,47415.0,2023-11-05,15.87,
9021.0,46315.0,2023-11-05,15.87,
9022.0,47415.0,2023-11-06,15.98,
9022.0,46315.0,2023-11-06,15.98,
9023.0,47415.0,2023-11-07,16.54,
9023.0,46315.0,2023-11-07,16.54,
9024.0,46315.0,2023-11-08,15.875,
9024.0,47415.0,2023-11-08,15.875,
9025.0,47415.0,2023-11-09,16.015,
9025.0,46315.0,2023-11-09,16.015,
9026.0,46315.0,2023-11-10,15.665,
9026.0,47415.0,2023-11-10,15.665,
9027.0,46315.0,2023-11-11,16.025,
9027.0,47415.0,2023-11-11,16.025,
9028.0,47415.0,2023-11-12,15.86,
9028.0,46315.0,2023-11-12,15.86,
9029.0,47415.0,2023-11-13,15.15,
9029.0,46315.0,2023-11-13,15.15,
9030.0,46315.0,2023-11-14,15.58,
9030.0,47415.0,2023-11-14,15.58,
9031.0,47415.0,2023-11-15,14.84,
9031.0,46315.0,2023-11-15,14.84,
9032.0,47415.0,2023-11-16,15.03,
9032.0,46315.0,2023-11-16,15.03,
9033.0,46315.0,2023-11-17,15.45,
9033.0,47415.0,2023-11-17,15.45,
9034.0,47415.0,2023-11-18,15.235,
9034.0,46315.0,2023-11-18,15.235,
9035.0,47415.0,2023-11-19,16.06,
9035.0,46315.0,2023-11-19,16.06,
9036.0,46315.0,2023-11-20,15.675,
9036.0,47415.0,2023-11-20,15.675,
9037.0,46315.0,2023-11-21,15.82,
9037.0,47415.0,2023-11-21,15.82,
9038.0,47415.0,2023-11-22,15.97,
9038.0,46315.0,2023-11-22,15.97,
9039.0,47415.0,2023-11-23,15.415,
9039.0,46315.0,2023-11-23,15.415,
9040.0,47415.0,2023-11-24,14.31,
9040.0,46315.0,2023-11-24,14.31,
9041.0,46315.0,2023-11-25,14.55,
9041.0,47415.0,2023-11-25,14.55,
9042.0,46315.0,2023-11-26,14.6,
9042.0,47415.0,2023-11-26,14.6,
9043.0,46315.0,2023-11-27,13.08,
9043.0,47415.0,2023-11-27,13.08,
9044.0,46315.0,2023-11-28,13.555,
9044.0,47415.0,2023-11-28,13.555,
9045.0,47415.0,2023-11-29,14.0,
9045.0,46315.0,2023-11-29,14.0,
9046.0,47415.0,2023-11-30,12.675,
9046.0,46315.0,2023-11-30,12.675,
9048.0,46315.0,2023-12-01,14.245,
9048.0,47415.0,2023-12-01,14.245,
9049.0,47415.0,2023-12-02,16.0,
9049.0,46315.0,2023-12-02,16.0,
9050.0,46315.0,2023-12-03,15.88,
9050.0,47415.0,2023-12-03,15.88,
9051.0,46315.0,2023-12-04,15.045000000000002,
9051.0,47415.0,2023-12-04,15.045000000000002,
9052.0,47415.0,2023-12-05,14.195,
9052.0,46315.0,2023-12-05,14.195,
9053.0,46315.0,2023-12-06,15.225,
9053.0,47415.0,2023-12-06,15.225,
9054.0,46315.0,2023-12-07,15.645,
9054.0,47415.0,2023-12-07,15.645,
9055.0,46315.0,2023-12-08,14.635,
9055.0,47415.0,2023-12-08,14.635,
9056.0,47415.0,2023-12-09,15.495,
9056.0,46315.0,2023-12-09,15.495,
9057.0,46315.0,2023-12-10,15.275,
9057.0,47415.0,2023-12-10,15.275,
9058.0,47415.0,2023-12-11,12.39,
9058.0,46315.0,2023-12-11,12.39,
9059.0,47415.0,2023-12-12,12.45,
9059.0,46315.0,2023-12-12,12.45,
9060.0,47415.0,2023-12-13,14.825,
9060.0,46315.0,2023-12-13,14.825,
9061.0,46315.0,2023-12-14,15.525,
9061.0,47415.0,2023-12-14,15.525,
9062.0,46315.0,2023-12-15,15.04,
9062.0,47415.0,2023-12-15,15.04,
9063.0,47415.0,2023-12-16,14.1,
9063.0,46315.0,2023-12-16,14.1,
9064.0,46315.0,2023-12-17,14.5,
9064.0,47415.0,2023-12-17,14.5,
9065.0,46315.0,2023-12-18,14.05,
9065.0,47415.0,2023-12-18,14.05,
9066.0,47415.0,2023-12-19,13.9,
9066.0,46315.0,2023-12-19,13.9,
9067.0,47415.0,2023-12-20,15.89,
9067.0,46315.0,2023-12-20,15.89,
9068.0,47415.0,2023-12-21,15.85,
9068.0,46315.0,2023-12-21,15.85,
9069.0,47415.0,2023-12-22,14.84,
9069.0,46315.0,2023-12-22,14.84,
9070.0,47415.0,2023-12-23,14.715,
9070.0,46315.0,2023-12-23,14.715,
9071.0,46315.0,2023-12-24,16.55,
9071.0,47415.0,2023-12-24,16.55,
9072.0,47415.0,2023-12-25,17.1,
9072.0,46315.0,2023-12-25,17.1,
9073.0,47415.0,2023-12-26,17.28,
9073.0,46315.0,2023-12-26,17.28,
9074.0,46315.0,2023-12-27,16.77,
9074.0,47415.0,2023-12-27,16.77,
9075.0,46315.0,2023-12-28,17.35,
9075.0,47415.0,2023-12-28,17.35,
9076.0,47415.0,2023-12-29,16.775,
9076.0,46315.0,2023-12-29,16.775,
9077.0,46315.0,2023-12-30,16.915,
9077.0,47415.0,2023-12-30,16.915,
9078.0,46315.0,2023-12-31,16.865000000000002,
9078.0,47415.0,2023-12-31,16.865000000000002,
9081.0,47415.0,2024-01-01,17.375,
9081.0,46315.0,2024-01-01,17.375,
9082.0,47415.0,2024-01-02,16.41,
9082.0,46315.0,2024-01-02,16.41,
9083.0,47415.0,2024-01-03,16.775,
9083.0,46315.0,2024-01-03,16.775,
9084.0,46315.0,2024-01-04,17.265,
9084.0,47415.0,2024-01-04,17.265,
9085.0,46315.0,2024-01-05,16.545,
9085.0,47415.0,2024-01-05,16.545,
9086.0,46315.0,2024-01-06,17.27,
9086.0,47415.0,2024-01-06,17.27,
9087.0,46315.0,2024-01-07,17.8,
9087.0,47415.0,2024-01-07,17.8,
9088.0,46315.0,2024-01-08,16.975,
9088.0,47415.0,2024-01-08,16.975,
9089.0,46315.0,2024-01-09,16.925,
9089.0,47415.0,2024-01-09,16.925,
9090.0,46315.0,2024-01-10,18.025,
9090.0,47415.0,2024-01-10,18.025,
9091.0,47415.0,2024-01-11,17.924999999999997,
9091.0,46315.0,2024-01-11,17.924999999999997,
9092.0,46315.0,2024-01-12,17.21,
9092.0,47415.0,2024-01-12,17.21,
9093.0,47415.0,2024-01-13,15.6,
9093.0,46315.0,2024-01-13,15.6,
9094.0,46315.0,2024-01-14,15.1,
9094.0,47415.0,2024-01-14,15.1,
9095.0,47415.0,2024-01-15,14.785,
9095.0,46315.0,2024-01-15,14.785,
9096.0,46315.0,2024-01-16,14.51,
9096.0,47415.0,2024-01-16,14.51,
9097.0,46315.0,2024-01-17,13.96,
9097.0,47415.0,2024-01-17,13.96,
9098.0,46315.0,2024-01-18,14.5,
9098.0,47415.0,2024-01-18,14.5,
9099.0,47415.0,2024-01-19,14.425,
9099.0,46315.0,2024-01-19,14.425,
9100.0,46315.0,2024-01-20,20.5,
9100.0,47415.0,2024-01-20,20.5,
9101.0,47415.0,2024-01-21,21.450000000000003,
9101.0,46315.0,2024-01-21,21.450000000000003,
9102.0,46315.0,2024-01-22,21.0,
9102.0,47415.0,2024-01-22,21.0,
9103.0,47415.0,2024-01-23,22.53,
9103.0,46315.0,2024-01-23,22.53,
9104.0,46315.0,2024-01-24,22.15,
9104.0,47415.0,2024-01-24,22.15,
9105.0,46315.0,2024-01-25,21.735,
9105.0,47415.0,2024-01-25,21.735,
9106.0,47415.0,2024-01-26,20.4,
9106.0,46315.0,2024-01-26,20.4,
9107.0,46315.0,2024-01-27,19.775,
9107.0,47415.0,2024-01-27,19.775,
9108.0,47415.0,2024-01-28,19.725,
9108.0,46315.0,2024-01-28,19.725,
9109.0,46315.0,2024-01-29,19.475,
9109.0,47415.0,2024-01-29,19.475,
9110.0,47415.0,2024-01-30,20.049999999999997,
9110.0,46315.0,2024-01-30,20.049999999999997,
9111.0,47415.0,2024-01-31,20.035,
9111.0,46315.0,2024-01-31,20.035,
9113.0,47415.0,2024-02-01,19.645,
9113.0,46315.0,2024-02-01,19.645,
9114.0,46315.0,2024-02-02,19.6,
9114.0,47415.0,2024-02-02,19.6,
9115.0,47415.0,2024-02-03,20.515,
9115.0,46315.0,2024-02-03,20.515,
9116.0,46315.0,2024-02-04,20.36,
9116.0,47415.0,2024-02-04,20.36,
9117.0,46315.0,2024-02-05,20.475,
9117.0,47415.0,2024-02-05,20.475,
9118.0,47415.0,2024-02-06,20.01,
9118.0,46315.0,2024-02-06,20.01,
9119.0,46315.0,2024-02-07,19.75,
9119.0,47415.0,2024-02-07,19.75,
9120.0,46315.0,2024-02-08,19.975,
9120.0,47415.0,2024-02-08,19.975,
9121.0,46315.0,2024-02-09,19.674999999999997,
9121.0,47415.0,2024-02-09,19.674999999999997,
9122.0,46315.0,2024-02-10,19.375,
9122.0,47415.0,2024-02-10,19.375,
9123.0,47415.0,2024-02-11,18.74,
9123.0,46315.0,2024-02-11,18.74,
9124.0,46315.0,2024-02-12,18.82,
9124.0,47415.0,2024-02-12,18.82,
9125.0,46315.0,2024-02-13,18.5,
9125.0,47415.0,2024-02-13,18.5,
9126.0,47415.0,2024-02-14,18.045,
9126.0,46315.0,2024-02-14,18.045,
9127.0,47415.0,2024-02-15,18.04,
9127.0,46315.0,2024-02-15,18.04,
9128.0,46315.0,2024-02-16,17.225,
9128.0,47415.0,2024-02-16,17.225,
9129.0,46315.0,2024-02-17,17.424999999999997,
9129.0,47415.0,2024-02-17,17.424999999999997,
9130.0,47415.0,2024-02-18,18.855,
9130.0,46315.0,2024-02-18,18.855,
9131.0,47415.0,2024-02-19,18.5,
9131.0,46315.0,2024-02-19,18.5,
9132.0,47415.0,2024-02-20,18.21,
9132.0,46315.0,2024-02-20,18.21,
9133.0,47415.0,2024-02-21,17.325000000000003,
9133.0,46315.0,2024-02-21,17.325000000000003,
9134.0,47415.0,2024-02-22,17.924999999999997,
9134.0,46315.0,2024-02-22,17.924999999999997,
9135.0,47415.0,2024-02-23,18.025,
9135.0,46315.0,2024-02-23,18.025,
9136.0,46315.0,2024-02-24,17.475,
9136.0,47415.0,2024-02-24,17.475,
9137.0,46315.0,2024-02-25,17.5,
9137.0,47415.0,2024-02-25,17.5,
9138.0,47415.0,2024-02-26,16.835,
9138.0,46315.0,2024-02-26,16.835,
9139.0,47415.0,2024-02-27,15.845,
9139.0,46315.0,2024-02-27,15.845,
9140.0,46315.0,2024-02-28,15.075,
9140.0,47415.0,2024-02-28,15.075,
9141.0,47415.0,2024-02-29,15.989999999999998,
9141.0,46315.0,2024-02-29,15.989999999999998,
9143.0,47415.0,2024-03-01,15.71,
9143.0,46315.0,2024-03-01,15.71,
9144.0,47415.0,2024-03-02,15.975,
9144.0,46315.0,2024-03-02,15.975,
9145.0,46315.0,2024-03-03,16.31,
9145.0,47415.0,2024-03-03,16.31,
9146.0,46315.0,2024-03-04,15.875,
9146.0,47415.0,2024-03-04,15.875,
9147.0,47415.0,2024-03-05,16.25,
9147.0,46315.0,2024-03-05,16.25,
9148.0,47415.0,2024-03-06,15.9,
9148.0,46315.0,2024-03-06,15.9,
9149.0,46315.0,2024-03-07,16.025,
9149.0,47415.0,2024-03-07,16.025,
9150.0,46315.0,2024-03-08,15.915,
9150.0,47415.0,2024-03-08,15.915,
9151.0,46315.0,2024-03-09,15.595,
9151.0,47415.0,2024-03-09,15.595,
9152.0,47415.0,2024-03-10,16.825000000000003,
9152.0,46315.0,2024-03-10,16.825000000000003,
9153.0,47415.0,2024-03-11,16.145,
9153.0,46315.0,2024-03-11,16.145,
9154.0,46315.0,2024-03-12,16.29,
9154.0,47415.0,2024-03-12,16.29,
9155.0,47415.0,2024-03-13,16.33,
9155.0,46315.0,2024-03-13,16.33,
9156.0,47415.0,2024-03-14,16.175,
9156.0,46315.0,2024-03-14,16.175,
9157.0,47415.0,2024-03-15,16.39,
9157.0,46315.0,2024-03-15,16.39,
9158.0,44843.0,2024-03-16,22.65,
9158.0,46315.0,2024-03-16,22.65,
9158.0,47415.0,2024-03-16,22.65,
9159.0,46315.0,2024-03-17,16.94,
9159.0,47415.0,2024-03-17,16.94,
9160.0,47415.0,2024-03-18,17.244999999999997,
9160.0,46315.0,2024-03-18,17.244999999999997,
9161.0,46315.0,2024-03-19,16.865000000000002,
9161.0,47415.0,2024-03-19,16.865000000000002,
9162.0,46315.0,2024-03-20,15.47,
9162.0,47415.0,2024-03-20,15.47,
9163.0,47415.0,2024-03-21,15.169999999999998,
9163.0,46315.0,2024-03-21,15.169999999999998,
9164.0,46315.0,2024-03-22,14.6,
9164.0,47415.0,2024-03-22,14.6,
9165.0,46315.0,2024-03-23,14.175,
9165.0,47415.0,2024-03-23,14.175,
9166.0,46315.0,2024-03-24,14.82,
9166.0,47415.0,2024-03-24,14.82,
9167.0,47415.0,2024-03-25,14.34,
9167.0,46315.0,2024-03-25,14.34,
9168.0,47415.0,2024-03-26,14.495,
9168.0,46315.0,2024-03-26,14.495,
9169.0,46315.0,2024-03-27,14.315,
9169.0,47415.0,2024-03-27,14.315,
9170.0,46315.0,2024-03-28,13.715,
9170.0,47415.0,2024-03-28,13.715,
9171.0,46315.0,2024-03-29,12.575,
9171.0,47415.0,2024-03-29,12.575,
9172.0,47415.0,2024-03-30,12.535,
9172.0,46315.0,2024-03-30,12.535,
9173.0,47415.0,2024-03-31,13.95,
9173.0,46315.0,2024-03-31,13.95,
9175.0,47415.0,2024-04-01,11.9,
9175.0,46315.0,2024-04-01,11.9,
9176.0,47415.0,2024-04-02,12.125,
9176.0,46315.0,2024-04-02,12.125,
9177.0,46315.0,2024-04-03,14.215,
9177.0,47415.0,2024-04-03,14.215,
9178.0,46315.0,2024-04-04,13.955,
9178.0,47415.0,2024-04-04,13.955,
9179.0,46315.0,2024-04-05,13.89,
9179.0,47415.0,2024-04-05,13.89,
9180.0,46315.0,2024-04-06,13.85,
9180.0,47415.0,2024-04-06,13.85,
9181.0,46315.0,2024-04-07,14.075,
9181.0,47415.0,2024-04-07,14.075,
9182.0,47415.0,2024-04-08,13.95,
9182.0,46315.0,2024-04-08,13.95,
9183.0,46315.0,2024-04-09,13.775,
9183.0,47415.0,2024-04-09,13.775,
9184.0,47415.0,2024-04-10,13.5,
9184.0,46315.0,2024-04-10,13.5,
9185.0,46315.0,2024-04-11,13.175,
9185.0,47415.0,2024-04-11,13.175,
9186.0,47415.0,2024-04-12,13.86,
9186.0,46315.0,2024-04-12,13.86,
9187.0,46315.0,2024-04-13,13.435,
9187.0,47415.0,2024-04-13,13.435,
9188.0,46315.0,2024-04-14,13.88,
9188.0,47415.0,2024-04-14,13.88,
9189.0,46315.0,2024-04-15,13.165,
9189.0,47415.0,2024-04-15,13.165,
9190.0,47415.0,2024-04-16,12.595,
9190.0,46315.0,2024-04-16,12.595,
9191.0,46315.0,2024-04-17,13.475,
9191.0,47415.0,2024-04-17,13.475,
9192.0,47415.0,2024-04-18,14.375,
9192.0,46315.0,2024-04-18,14.375,
9193.0,46315.0,2024-04-19,14.23,
9193.0,47415.0,2024-04-19,14.23,
9194.0,47415.0,2024-04-20,14.76,
9194.0,46315.0,2024-04-20,14.76,
9195.0,47415.0,2024-04-21,13.97,
9195.0,46315.0,2024-04-21,13.97,
9196.0,47415.0,2024-04-22,14.655,
9196.0,46315.0,2024-04-22,14.655,
9197.0,46315.0,2024-04-23,14.015,
9197.0,47415.0,2024-04-23,14.015,
9198.0,46315.0,2024-04-24,13.7,
9198.0,47415.0,2024-04-24,13.7,
9199.0,46315.0,2024-04-25,14.015,
9199.0,47415.0,2024-04-25,14.015,
9200.0,47415.0,2024-04-26,13.54,
9200.0,46315.0,2024-04-26,13.54,
9201.0,46315.0,2024-04-27,14.225,
9201.0,47415.0,2024-04-27,14.225,
9202.0,47415.0,2024-04-28,14.785,
9202.0,46315.0,2024-04-28,14.785,
9203.0,47415.0,2024-04-29,14.2,
9203.0,46315.0,2024-04-29,14.2,
9204.0,47415.0,2024-04-30,15.705,
9204.0,46315.0,2024-04-30,15.705,
9206.0,46315.0,2024-05-01,15.515,
9206.0,47415.0,2024-05-01,15.515,
9207.0,47415.0,2024-05-02,15.655,
9207.0,46315.0,2024-05-02,15.655,
9208.0,46315.0,2024-05-03,16.45,
9208.0,47415.0,2024-05-03,16.45,
9209.0,47415.0,2024-05-04,16.435,
9209.0,46315.0,2024-05-04,16.435,
9210.0,47415.0,2024-05-05,17.21,
9210.0,46315.0,2024-05-05,17.21,
9211.0,47415.0,2024-05-06,16.925,
9211.0,46315.0,2024-05-06,16.925,
9212.0,46315.0,2024-05-07,17.07,
9212.0,47415.0,2024-05-07,17.07,
9213.0,47415.0,2024-05-08,17.245,
9213.0,46315.0,2024-05-08,17.245,
9214.0,47415.0,2024-05-09,17.04,
9214.0,46315.0,2024-05-09,17.04,
9215.0,47415.0,2024-05-10,16.66,
9215.0,46315.0,2024-05-10,16.66,
9216.0,47415.0,2024-05-11,16.125,
9216.0,46315.0,2024-05-11,16.125,
9217.0,46315.0,2024-05-12,16.25,
9217.0,47415.0,2024-05-12,16.25,
9218.0,46315.0,2024-05-13,15.98,
9218.0,47415.0,2024-05-13,15.98,
9219.0,47415.0,2024-05-14,15.63,
9219.0,46315.0,2024-05-14,15.63,
9220.0,47415.0,2024-05-15,15.1,
9220.0,46315.0,2024-05-15,15.1,
9221.0,47415.0,2024-05-16,15.55,
9221.0,46315.0,2024-05-16,15.55,
9222.0,46315.0,2024-05-17,15.33,
9222.0,47415.0,2024-05-17,15.33,
9223.0,47415.0,2024-05-18,16.1,
9223.0,46315.0,2024-05-18,16.1,
9224.0,46315.0,2024-05-19,15.86,
9224.0,47415.0,2024-05-19,15.86,
9225.0,46315.0,2024-05-20,16.735,
9225.0,47415.0,2024-05-20,16.735,
9226.0,47415.0,2024-05-21,15.65,
9226.0,46315.0,2024-05-21,15.65,
9227.0,47415.0,2024-05-22,16.62,
9227.0,46315.0,2024-05-22,16.62,
9228.0,47415.0,2024-05-23,15.87,
9228.0,46315.0,2024-05-23,15.87,
9229.0,46315.0,2024-05-24,16.715,
9229.0,47415.0,2024-05-24,16.715,
9230.0,47415.0,2024-05-25,16.810000000000002,
9230.0,46315.0,2024-05-25,16.810000000000002,
9231.0,46315.0,2024-05-26,16.775,
9231.0,47415.0,2024-05-26,16.775,
9232.0,46315.0,2024-05-27,16.925,
9232.0,47415.0,2024-05-27,16.925,
9233.0,47415.0,2024-05-28,16.93,
9233.0,46315.0,2024-05-28,16.93,
9234.0,47415.0,2024-05-29,16.555,
9234.0,46315.0,2024-05-29,16.555,
9235.0,46315.0,2024-05-30,16.55,
9235.0,47415.0,2024-05-30,16.55,
9236.0,47415.0,2024-05-31,16.35,
9236.0,46315.0,2024-05-31,16.35,
9238.0,46315.0,2024-06-01,15.795,
9238.0,47415.0,2024-06-01,15.795,
9239.0,47415.0,2024-06-02,17.45,
9239.0,46315.0,2024-06-02,17.45,
9240.0,47415.0,2024-06-03,17.23,
9240.0,46315.0,2024-06-03,17.23,
9241.0,46315.0,2024-06-04,15.97,
9241.0,47415.0,2024-06-04,15.97,
9242.0,47415.0,2024-06-05,15.82,
9242.0,46315.0,2024-06-05,15.82,
9243.0,46315.0,2024-06-06,15.825,
9243.0,47415.0,2024-06-06,15.825,
9244.0,47415.0,2024-06-07,16.02,
9244.0,46315.0,2024-06-07,16.02,
9245.0,47415.0,2024-06-08,15.735,
9245.0,46315.0,2024-06-08,15.735,
9246.0,46315.0,2024-06-09,16.045,
9246.0,47415.0,2024-06-09,16.045,
9247.0,46315.0,2024-06-10,15.55,
9247.0,47415.0,2024-06-10,15.55,
9248.0,47415.0,2024-06-11,12.79,
9248.0,46315.0,2024-06-11,12.79,
9249.0,47415.0,2024-06-12,13.675,
9249.0,46315.0,2024-06-12,13.675,
9250.0,46315.0,2024-06-13,15.525,
9250.0,47415.0,2024-06-13,15.525,
9251.0,46315.0,2024-06-14,15.625,
9251.0,47415.0,2024-06-14,15.625,
9252.0,46315.0,2024-06-15,15.465,
9252.0,47415.0,2024-06-15,15.465,
9253.0,47415.0,2024-06-16,15.25,
9253.0,46315.0,2024-06-16,15.25,
9254.0,46315.0,2024-06-17,16.0,
9254.0,47415.0,2024-06-17,16.0,
9255.0,47415.0,2024-06-18,15.675,
9255.0,46315.0,2024-06-18,15.675,
9256.0,47415.0,2024-06-19,15.75,
9256.0,46315.0,2024-06-19,15.75,
9257.0,47415.0,2024-06-20,16.615,
9257.0,46315.0,2024-06-20,16.615,
9258.0,46315.0,2024-06-21,16.475,
9258.0,47415.0,2024-06-21,16.475,
9259.0,46315.0,2024-06-22,15.614999999999998,
9259.0,47415.0,2024-06-22,15.614999999999998,
9260.0,46315.0,2024-06-23,15.44,
9260.0,47415.0,2024-06-23,15.44,
9261.0,46315.0,2024-06-24,15.775,
9261.0,47415.0,2024-06-24,15.775,
9262.0,47415.0,2024-06-25,16.75,
9262.0,46315.0,2024-06-25,16.75,
9263.0,47415.0,2024-06-26,16.755000000000003,
9263.0,46315.0,2024-06-26,16.755000000000003,
9264.0,47415.0,2024-06-27,16.095,
9264.0,46315.0,2024-06-27,16.095,
9265.0,46315.0,2024-06-28,16.675,
9265.0,47415.0,2024-06-28,16.675,
9266.0,47415.0,2024-06-29,16.225,
9266.0,46315.0,2024-06-29,16.225,
9267.0,46315.0,2024-06-30,16.240000000000002,
9267.0,47415.0,2024-06-30,16.240000000000002,
9269.0,47415.0,2024-07-01,17.215,
9269.0,46315.0,2024-07-01,17.215,
9270.0,46315.0,2024-07-02,17.4,
9270.0,47415.0,2024-07-02,17.4,
9271.0,46315.0,2024-07-03,16.485,
9271.0,47415.0,2024-07-03,16.485,
9272.0,46315.0,2024-07-04,17.05,
9272.0,47415.0,2024-07-04,17.05,
9273.0,47415.0,2024-07-05,17.09,
9273.0,46315.0,2024-07-05,17.09,
9274.0,46315.0,2024-07-06,16.845,
9274.0,47415.0,2024-07-06,16.845,
9275.0,47415.0,2024-07-07,17.619999999999997,
9275.0,46315.0,2024-07-07,17.619999999999997,
9276.0,47415.0,2024-07-08,17.525,
9276.0,46315.0,2024-07-08,17.525,
9277.0,47415.0,2024-07-09,16.8,
9277.0,46315.0,2024-07-09,16.8,
9278.0,47415.0,2024-07-10,16.700000000000003,
9278.0,46315.0,2024-07-10,16.700000000000003,
9279.0,46315.0,2024-07-11,17.275,
9279.0,47415.0,2024-07-11,17.275,
9280.0,46315.0,2024-07-12,17.075,
9280.0,47415.0,2024-07-12,17.075,
9281.0,47415.0,2024-07-13,16.835,
9281.0,46315.0,2024-07-13,16.835,
9282.0,47415.0,2024-07-14,15.225,
9282.0,46315.0,2024-07-14,15.225,
9283.0,46315.0,2024-07-15,15.15,
9283.0,47415.0,2024-07-15,15.15,
9284.0,46315.0,2024-07-16,14.96,
9284.0,47415.0,2024-07-16,14.96,
9285.0,47415.0,2024-07-17,14.5,
9285.0,46315.0,2024-07-17,14.5,
9286.0,46315.0,2024-07-18,15.8,
9286.0,47415.0,2024-07-18,15.8,
9287.0,47415.0,2024-07-19,13.216666666666669,
9287.0,44843.0,2024-07-19,13.216666666666669,
9287.0,46315.0,2024-07-19,13.216666666666669,
9288.0,46315.0,2024-07-20,16.615,
9288.0,47415.0,2024-07-20,16.615,
9289.0,46315.0,2024-07-21,16.65,
9289.0,47415.0,2024-07-21,16.65,
9290.0,47415.0,2024-07-22,15.739999999999998,
9290.0,46315.0,2024-07-22,15.739999999999998,
9291.0,46315.0,2024-07-23,15.765,
9291.0,47415.0,2024-07-23,15.765,
9292.0,47415.0,2024-07-24,15.7,
9292.0,46315.0,2024-07-24,15.7,
9293.0,46315.0,2024-07-25,16.55,
9293.0,47415.0,2024-07-25,16.55,
9294.0,46315.0,2024-07-26,17.92,
9294.0,47415.0,2024-07-26,17.92,
9294.0,44843.0,2024-07-26,17.92,
9295.0,47415.0,2024-07-27,16.295,
9295.0,46315.0,2024-07-27,16.295,
9296.0,46315.0,2024-07-28,16.35,
9296.0,47415.0,2024-07-28,16.35,
9297.0,47415.0,2024-07-29,15.175,
9297.0,46315.0,2024-07-29,15.175,
9298.0,47415.0,2024-07-30,15.39,
9298.0,46315.0,2024-07-30,15.39,
9299.0,46315.0,2024-07-31,15.415,
9299.0,47415.0,2024-07-31,15.415,
9301.0,46315.0,2024-08-01,14.375,
9301.0,47415.0,2024-08-01,14.375,
9302.0,47415.0,2024-08-02,13.9,
9302.0,46315.0,2024-08-02,13.9,
9303.0,47415.0,2024-08-03,12.825,
9303.0,46315.0,2024-08-03,12.825,
9304.0,46315.0,2024-08-04,13.2,
9304.0,47415.0,2024-08-04,13.2,
9305.0,47415.0,2024-08-05,13.25,
9305.0,46315.0,2024-08-05,13.25,
9306.0,47415.0,2024-08-06,14.25,
9306.0,46315.0,2024-08-06,14.25,
9307.0,46315.0,2024-08-07,14.525,
9307.0,47415.0,2024-08-07,14.525,
9308.0,47415.0,2024-08-08,13.2,
9308.0,46315.0,2024-08-08,13.2,
9309.0,46315.0,2024-08-09,13.575,
9309.0,47415.0,2024-08-09,13.575,
9310.0,46315.0,2024-08-10,13.55,
9310.0,47415.0,2024-08-10,13.55,
9311.0,47415.0,2024-08-11,13.25,
9311.0,46315.0,2024-08-11,13.25,
9312.0,46315.0,2024-08-12,12.975,
9312.0,47415.0,2024-08-12,12.975,
9313.0,46315.0,2024-08-13,12.65,
9313.0,47415.0,2024-08-13,12.65,
9314.0,46315.0,2024-08-14,12.425,
9314.0,47415.0,2024-08-14,12.425,
9315.0,47415.0,2024-08-15,13.25,
9315.0,46315.0,2024-08-15,13.25,
9316.0,47415.0,2024-08-16,12.95,
9316.0,46315.0,2024-08-16,12.95,
9317.0,46315.0,2024-08-17,11.15,
9317.0,47415.0,2024-08-17,11.15,
9318.0,46315.0,2024-08-18,13.05,
9318.0,47415.0,2024-08-18,13.05,
9319.0,47415.0,2024-08-19,11.75,
9319.0,46315.0,2024-08-19,11.75,
9320.0,46315.0,2024-08-20,14.6,
9320.0,47415.0,2024-08-20,14.6,
9321.0,47415.0,2024-08-21,15.05,
9321.0,46315.0,2024-08-21,15.05,
9322.0,46315.0,2024-08-22,14.825,
9322.0,47415.0,2024-08-22,14.825,
9323.0,47415.0,2024-08-23,14.575,
9323.0,46315.0,2024-08-23,14.575,
9324.0,46315.0,2024-08-24,15.225,
9324.0,47415.0,2024-08-24,15.225,
9325.0,47415.0,2024-08-25,15.475,
9325.0,46315.0,2024-08-25,15.475,
9326.0,47415.0,2024-08-26,15.4,
9326.0,46315.0,2024-08-26,15.4,
9327.0,47415.0,2024-08-27,16.25,
9327.0,46315.0,2024-08-27,16.25,
9328.0,46315.0,2024-08-28,15.625,
9328.0,47415.0,2024-08-28,15.625,
9329.0,47415.0,2024-08-29,15.775,
9329.0,46315.0,2024-08-29,15.775,
9330.0,47415.0,2024-08-30,16.5,
9330.0,46315.0,2024-08-30,16.5,
9331.0,47415.0,2024-08-31,16.3,
9331.0,46315.0,2024-08-31,16.3,
0.0,0.0,2024-09-01,16.11,
0.0,0.0,2024-09-02,16.18,
0.0,0.0,2024-09-03,16.24,
0.0,0.0,2024-09-04,16.3,
9337.0,47415.0,2024-09-05,11.1,
9337.0,47415.0,2024-09-05,11.1,
9338.0,47415.0,2024-09-06,24.5,
9339.0,47415.0,2024-09-07,25.8,
9340.0,47415.0,2024-09-08,12.9,
9341.0,47415.0,2024-09-09,13.0,
9341.0,47415.0,2024-09-09,13.0,
9341.0,47415.0,2024-09-09,13.0,
9342.0,47415.0,2024-09-10,12.9,
9343.0,47415.0,2024-09-11,12.1,
9344.0,47415.0,2024-09-12,11.95,
9345.0,47415.0,2024-09-13,11.3,
9346.0,47415.0,2024-09-14,10.85,
