id_waktu,id_lokasi,id_unit_peternakan,prediction,latency,mape,created_at
8420,44156,,13.23,,23.64,2024-11-11 00:56:13.141984
8421,44156,,13.46,,13.11,2024-11-11 00:56:13.141984
8422,44156,,14.18,,18.17,2024-11-11 00:56:13.141984
8423,44156,,14.48,,34.07,2024-11-11 00:56:13.141984
8424,44156,,13.87,,31.47,2024-11-11 00:56:13.141984
8425,44156,,13.48,,34.8,2024-11-11 00:56:13.141984
8426,44156,,13.12,,35.26,2024-11-11 00:56:13.141984
8427,44156,,12.83,,31.59,2024-11-11 00:56:13.141984
8428,44156,,12.79,,34.63,2024-11-11 00:56:13.141984
8429,44156,,12.66,,34.68,2024-11-11 00:56:13.141984
8430,44156,,12.55,,4.2,2024-11-11 00:56:13.141984
8431,44156,,14.55,,1.75,2024-11-11 00:56:13.141984
8432,44156,,15.89,,15.99,2024-11-11 00:56:13.141984
8433,44156,,15.82,,23.59,2024-11-11 00:56:13.141984
8434,44156,,15.25,,22.98,2024-11-11 00:56:13.141984
8435,44156,,14.87,,21.89,2024-11-11 00:56:13.141984
8436,44156,,14.69,,19.43,2024-11-11 00:56:13.141984
8437,44156,,14.7,,30.67,2024-11-11 00:56:13.141984
8438,44156,,14.17,,30.0,2024-11-11 00:56:13.141984
8439,44156,,13.76,,33.59,2024-11-11 00:56:13.141984
8440,44156,,13.36,,44.43,2024-11-11 00:56:13.141984
8441,44156,,12.64,,40.44,2024-11-11 00:56:13.141984
8442,44156,,12.26,,18.45,2024-11-11 00:56:13.141984
8443,44156,,12.96,,17.29,2024-11-11 00:56:13.141984
8444,44156,,13.65,,21.33,2024-11-11 00:56:13.141984
8445,44156,,13.91,,23.1,2024-11-11 00:56:13.141984
8446,44156,,13.98,,30.05,2024-11-11 00:56:13.141984
8447,44156,,13.69,,20.62,2024-11-11 00:56:13.141984
8449,44156,,13.9,,18.8,2024-11-11 00:56:13.141984
8450,44156,,14.21,,33.43,2024-11-11 00:56:13.141984
8451,44156,,13.73,,19.91,2024-11-11 00:56:13.141984
8452,44156,,13.93,,24.38,2024-11-11 00:56:13.141984
8453,44156,,13.97,,12.66,2024-11-11 00:56:13.141984
8454,44156,,14.55,,16.4,2024-11-11 00:56:13.141984
8455,44156,,14.85,,16.93,2024-11-11 00:56:13.141984
8456,44156,,14.97,,12.13,2024-11-11 00:56:13.141984
8457,44156,,15.34,,12.38,2024-11-11 00:56:13.141984
8458,44156,,15.61,,12.71,2024-11-11 00:56:13.141984
8459,44156,,15.77,,5.0,2024-11-11 00:56:13.141984
8460,44156,,17.12,,11.53,2024-11-11 00:56:13.141984
8461,44156,,17.01,,20.21,2024-11-11 00:56:13.141984
8462,44156,,16.23,,25.81,2024-11-11 00:56:13.141984
8463,44156,,15.39,,19.3,2024-11-11 00:56:13.141984
8464,44156,,15.15,,24.69,2024-11-11 00:56:13.141984
8465,44156,,14.77,,11.89,2024-11-11 00:56:13.141984
8466,44156,,15.15,,7.07,2024-11-11 00:56:13.141984
8467,44156,,15.83,,20.84,2024-11-11 00:56:13.141984
8468,44156,,15.49,,13.07,2024-11-11 00:56:13.141984
8469,44156,,15.59,,23.73,2024-11-11 00:56:13.141984
8470,44156,,15.15,,16.54,2024-11-11 00:56:13.141984
8471,44156,,15.14,,16.46,2024-11-11 00:56:13.141984
8472,44156,,15.22,,29.53,2024-11-11 00:56:13.141984
8473,44156,,14.58,,0.21,2024-11-11 00:56:13.141984
8474,44156,,15.76,,11.77,2024-11-11 00:56:13.141984
8475,44156,,16.06,,23.07,2024-11-11 00:56:13.141984
8476,44156,,15.46,,10.04,2024-11-11 00:56:13.141984
8477,44156,,15.76,,13.38,2024-11-11 00:56:13.141984
8478,44156,,15.87,,11.76,2024-11-11 00:56:13.141984
8479,44156,,15.99,,18.01,2024-11-11 00:56:13.141984
8481,44156,,15.72,,1.13,2024-11-11 00:56:13.141984
8482,44156,,16.74,,8.0,2024-11-11 00:56:13.141984
8483,44156,,16.96,,16.56,2024-11-11 00:56:13.141984
8484,44156,,16.44,,30.48,2024-11-11 00:56:13.141984
8485,44156,,15.32,,21.59,2024-11-11 00:56:13.141984
8486,44156,,14.94,,21.46,2024-11-11 00:56:13.141984
8487,44156,,14.78,,26.87,2024-11-11 00:56:13.141984
8488,44156,,14.38,,13.23,2024-11-11 00:56:13.141984
8489,44156,,14.8,,25.96,2024-11-11 00:56:13.141984
8490,44156,,14.52,,23.05,2024-11-11 00:56:13.141984
8491,44156,,14.35,,22.65,2024-11-11 00:56:13.141984
8492,44156,,14.31,,24.98,2024-11-11 00:56:13.141984
8493,44156,,14.15,,46.63,2024-11-11 00:56:13.141984
8494,44156,,13.13,,50.06,2024-11-11 00:56:13.141984
8495,44156,,12.21,,6.17,2024-11-11 00:56:13.141984
8496,44156,,13.54,,20.89,2024-11-11 00:56:13.141984
8497,44156,,13.98,,24.27,2024-11-11 00:56:13.141984
8498,44156,,13.94,,24.46,2024-11-11 00:56:13.141984
8499,44156,,13.92,,38.51,2024-11-11 00:56:13.141984
8500,44156,,13.29,,34.24,2024-11-11 00:56:13.141984
8501,44156,,12.95,,29.5,2024-11-11 00:56:13.141984
8502,44156,,12.97,,23.52,2024-11-11 00:56:13.141984
8503,44156,,13.27,,26.99,2024-11-11 00:56:13.141984
8504,44156,,13.35,,28.99,2024-11-11 00:56:13.141984
8505,44156,,13.29,,32.9,2024-11-11 00:56:13.141984
8506,44156,,13.07,,31.36,2024-11-11 00:56:13.141984
8507,44156,,12.97,,27.78,2024-11-11 00:56:13.141984
8508,44156,,13.07,,22.15,2024-11-11 00:56:13.141984
8509,44156,,13.41,,25.92,2024-11-11 00:56:13.141984
8510,44156,,13.51,,25.67,2024-11-11 00:56:13.141984
8512,44156,,13.55,,39.69,2024-11-11 00:56:13.141984
8513,44156,,13.0,,34.72,2024-11-11 00:56:13.141984
8514,44156,,12.73,,30.56,2024-11-11 00:56:13.141984
8515,44156,,12.78,,27.8,2024-11-11 00:56:13.141984
8516,44156,,12.94,,39.14,2024-11-11 00:56:13.141984
8517,44156,,12.6,,36.22,2024-11-11 00:56:13.141984
8518,44156,,12.41,,34.16,2024-11-11 00:56:13.141984
8519,44156,,12.4,,53.09,2024-11-11 00:56:13.141984
8520,44156,,11.74,,41.45,2024-11-11 00:56:13.141984
8521,44156,,11.58,,34.65,2024-11-11 00:56:13.141984
8522,44156,,11.8,,31.84,2024-11-11 00:56:13.141984
8523,44156,,12.08,,25.83,2024-11-11 00:56:13.141984
8524,44156,,12.53,,34.73,2024-11-11 00:56:13.141984
8525,44156,,12.51,,30.31,2024-11-11 00:56:13.141984
8526,44156,,12.61,,0.88,2024-11-11 00:56:13.141984
8527,44156,,14.27,,12.81,2024-11-11 00:56:13.141984
8528,44156,,14.94,,15.81,2024-11-11 00:56:13.141984
8529,44156,,15.1,,12.27,2024-11-11 00:56:13.141984
8530,44156,,15.43,,11.01,2024-11-11 00:56:13.141984
8531,44156,,15.76,,15.04,2024-11-11 00:56:13.141984
8532,44156,,15.74,,13.24,2024-11-11 00:56:13.141984
8533,44156,,15.8,,12.86,2024-11-11 00:56:13.141984
8534,44156,,15.89,,13.1,2024-11-11 00:56:13.141984
8535,44156,,15.93,,13.79,2024-11-11 00:56:13.141984
8536,44156,,15.92,,13.71,2024-11-11 00:56:13.141984
8537,44156,,15.91,,23.33,2024-11-11 00:56:13.141984
8538,44156,,15.36,,22.39,2024-11-11 00:56:13.141984
8539,44156,,14.97,,24.75,2024-11-11 00:56:13.141984
8540,44156,,14.62,,27.13,2024-11-11 00:56:13.141984
8541,44156,,14.24,,158.91,2024-11-11 00:56:13.141984
8542,44156,,10.78,,85.86,2024-11-11 00:56:13.141984
8544,44156,,9.41,,23.18,2024-11-11 00:56:13.141984
8545,44156,,13.3,,4.31,2024-11-11 00:56:13.141984
8546,44156,,14.94,,17.18,2024-11-11 00:56:13.141984
8547,44156,,15.04,,17.96,2024-11-11 00:56:13.141984
8548,44156,,15.04,,32.51,2024-11-11 00:56:13.141984
8549,44156,,14.32,,9.31,2024-11-11 00:56:13.141984
8550,44156,,14.94,,32.21,2024-11-11 00:56:13.141984
8551,44156,,14.36,,7.57,2024-11-11 00:56:13.141984
8552,44156,,15.06,,5.31,2024-11-11 00:56:13.141984
8553,44156,,15.94,,12.25,2024-11-11 00:56:13.141984
8554,44156,,16.06,,15.54,2024-11-11 00:56:13.141984
8555,44156,,15.9,,14.39,2024-11-11 00:56:13.141984
8556,44156,,15.84,,18.65,2024-11-11 00:56:13.141984
8557,44156,,15.57,,12.01,2024-11-11 00:56:13.141984
8558,44156,,15.74,,15.74,2024-11-11 00:56:13.141984
8559,44156,,15.69,,25.52,2024-11-11 00:56:13.141984
8560,44156,,15.08,,18.27,2024-11-11 00:56:13.141984
8561,44156,,14.99,,21.38,2024-11-11 00:56:13.141984
8562,44156,,14.84,,21.14,2024-11-11 00:56:13.141984
8563,44156,,14.71,,13.59,2024-11-11 00:56:13.141984
8564,44156,,15.05,,19.44,2024-11-11 00:56:13.141984
8565,44156,,15.01,,15.02,2024-11-11 00:56:13.141984
8566,44156,,15.17,,16.69,2024-11-11 00:56:13.141984
8567,44156,,15.23,,8.79,2024-11-11 00:56:13.141984
8568,44156,,15.72,,14.74,2024-11-11 00:56:13.141984
8569,44156,,15.76,,14.62,2024-11-11 00:56:13.141984
8570,44156,,15.73,,13.57,2024-11-11 00:56:13.141984
8571,44156,,15.79,,13.19,2024-11-11 00:56:13.141984
8572,44156,,15.86,,14.51,2024-11-11 00:56:13.141984
8573,44156,,15.83,,12.27,2024-11-11 00:56:13.141984
8574,44156,,15.93,,13.79,2024-11-11 00:56:13.141984
8576,44156,,15.93,,4.12,2024-11-11 00:56:13.141984
8577,44156,,16.54,,11.38,2024-11-11 00:56:13.141984
8578,44156,,16.55,,11.45,2024-11-11 00:56:13.141984
8579,44156,,16.47,,14.37,2024-11-11 00:56:13.141984
8580,44156,,16.26,,19.12,2024-11-11 00:56:13.141984
8581,44156,,15.81,,13.74,2024-11-11 00:56:13.141984
8582,44156,,15.79,,14.42,2024-11-11 00:56:13.141984
8583,44156,,15.79,,11.99,2024-11-11 00:56:13.141984
8584,44156,,15.92,,14.12,2024-11-11 00:56:13.141984
8585,44156,,15.9,,13.57,2024-11-11 00:56:13.141984
8586,44156,,15.9,,14.39,2024-11-11 00:56:13.141984
8587,44156,,15.86,,12.88,2024-11-11 00:56:13.141984
8588,44156,,15.91,,12.84,2024-11-11 00:56:13.141984
8589,44156,,15.97,,15.72,2024-11-11 00:56:13.141984
8590,44156,,15.83,,1.15,2024-11-11 00:56:13.141984
8591,44156,,16.67,,2.46,2024-11-11 00:56:13.141984
8592,44156,,17.27,,2.68,2024-11-11 00:56:13.141984
8593,44156,,17.62,,5.01,2024-11-11 00:56:13.141984
8594,44156,,17.69,,1.2,2024-11-11 00:56:13.141984
8595,44156,,17.99,,4.78,2024-11-11 00:56:13.141984
8596,44156,,17.96,,0.22,2024-11-11 00:56:13.141984
8597,44156,,18.27,,5.36,2024-11-11 00:56:13.141984
8598,44156,,18.11,,6.22,2024-11-11 00:56:13.141984
8599,44156,,17.89,,4.5,2024-11-11 00:56:13.141984
8600,44156,,17.87,,8.37,2024-11-11 00:56:13.141984
8601,44156,,17.61,,4.08,2024-11-11 00:56:13.141984
8602,44156,,17.7,,0.23,2024-11-11 00:56:13.141984
8603,44156,,18.09,,7.36,2024-11-11 00:56:13.141984
8604,44156,,17.85,,4.39,2024-11-11 00:56:13.141984
8605,44156,,17.83,,6.07,2024-11-11 00:56:13.141984
8607,44156,,17.74,,15.49,2024-11-11 00:56:13.141984
8608,44156,,17.05,,1.27,2024-11-11 00:56:13.141984
8609,44156,,17.68,,18.02,2024-11-11 00:56:13.141984
8610,44156,,16.95,,3.47,2024-11-11 00:56:13.141984
8611,44156,,17.75,,4.53,2024-11-11 00:56:13.141984
8612,44156,,17.89,,4.38,2024-11-11 00:56:13.141984
8613,44156,,17.87,,2.47,2024-11-11 00:56:13.141984
8614,44156,,18.03,,5.93,2024-11-11 00:56:13.141984
8615,44156,,17.89,,8.82,2024-11-11 00:56:13.141984
8616,44156,,17.57,,4.58,2024-11-11 00:56:13.141984
8617,44156,,17.64,,3.04,2024-11-11 00:56:13.141984
8618,44156,,17.84,,6.95,2024-11-11 00:56:13.141984
8619,44156,,17.69,,11.4,2024-11-11 00:56:13.141984
8620,44156,,17.26,,10.29,2024-11-11 00:56:13.141984
8621,44156,,17.02,,9.24,2024-11-11 00:56:13.141984
8622,44156,,16.95,,6.47,2024-11-11 00:56:13.141984
8623,44156,,17.1,,2.17,2024-11-11 00:56:13.141984
8624,44156,,17.86,,3.48,2024-11-11 00:56:13.141984
8625,44156,,18.0,,11.52,2024-11-11 00:56:13.141984
8626,44156,,17.47,,11.99,2024-11-11 00:56:13.141984
8627,44156,,17.04,,4.73,2024-11-11 00:56:13.141984
8628,44156,,17.26,,7.74,2024-11-11 00:56:13.141984
8629,44156,,17.26,,10.08,2024-11-11 00:56:13.141984
8630,44156,,17.06,,9.22,2024-11-11 00:56:13.141984
8631,44156,,16.98,,12.08,2024-11-11 00:56:13.141984
8632,44156,,16.75,,40.05,2024-11-11 00:56:13.141984
8633,44156,,15.11,,78.18,2024-11-11 00:56:13.141984
8634,44156,,12.59,,11.34,2024-11-11 00:56:13.141984
8635,44156,,14.93,,5.74,2024-11-11 00:56:13.141984
8636,44156,,16.0,,12.99,2024-11-11 00:56:13.141984
8637,44156,,16.01,,16.86,2024-11-11 00:56:13.141984
8639,44156,,15.79,,12.79,2024-11-11 00:56:13.141984
8640,44156,,15.85,,14.86,2024-11-11 00:56:13.141984
8641,44156,,15.81,,12.29,2024-11-11 00:56:13.141984
8642,44156,,15.91,,5.93,2024-11-11 00:56:13.141984
8643,44156,,16.42,,8.03,2024-11-11 00:56:13.141984
8644,44156,,16.67,,19.16,2024-11-11 00:56:13.141984
8645,44156,,16.12,,16.05,2024-11-11 00:56:13.141984
8646,44156,,15.85,,10.68,2024-11-11 00:56:13.141984
8647,44156,,16.04,,3.15,2024-11-11 00:56:13.141984
8648,44156,,16.71,,7.39,2024-11-11 00:56:13.141984
8649,44156,,16.93,,6.48,2024-11-11 00:56:13.141984
8650,44156,,17.09,,10.12,2024-11-11 00:56:13.141984
8651,44156,,16.97,,15.29,2024-11-11 00:56:13.141984
8652,44156,,16.53,,4.36,2024-11-11 00:56:13.141984
8653,44156,,16.92,,6.15,2024-11-11 00:56:13.141984
8654,44156,,17.15,,3.44,2024-11-11 00:56:13.141984
8655,44156,,17.46,,10.44,2024-11-11 00:56:13.141984
8656,44156,,17.21,,8.38,2024-11-11 00:56:13.141984
8657,44156,,17.12,,9.32,2024-11-11 00:56:13.141984
8658,44156,,17.03,,11.53,2024-11-11 00:56:13.141984
8659,44156,,16.81,,5.26,2024-11-11 00:56:13.141984
8660,44156,,17.07,,6.02,2024-11-11 00:56:13.141984
8661,44156,,17.25,,11.65,2024-11-11 00:56:13.141984
8662,44156,,16.97,,10.77,2024-11-11 00:56:13.141984
8663,44156,,16.8,,6.67,2024-11-11 00:56:13.141984
8664,44156,,16.98,,9.9,2024-11-11 00:56:13.141984
8665,44156,,16.91,,4.45,2024-11-11 00:56:13.141984
8666,44156,,17.2,,26.66,2024-11-11 00:56:13.141984
8667,44156,,16.1,,16.5,2024-11-11 00:56:13.141984
8668,44156,,15.74,,18.52,2024-11-11 00:56:13.141984
8670,44156,,15.52,,13.2,2024-11-11 00:56:13.141984
8671,44156,,15.63,,22.49,2024-11-11 00:56:13.141984
8672,44156,,15.24,,11.89,2024-11-11 00:56:13.141984
8673,44156,,15.49,,16.91,2024-11-11 00:56:13.141984
8674,44156,,15.47,,12.92,2024-11-11 00:56:13.141984
8675,44156,,15.62,,4.69,2024-11-11 00:56:13.141984
8676,44156,,16.3,,7.95,2024-11-11 00:56:13.141984
8677,44156,,16.6,,1.37,2024-11-11 00:56:13.141984
8678,44156,,17.44,,7.46,2024-11-11 00:56:13.141984
8679,44156,,17.44,,5.31,2024-11-11 00:56:13.141984
8680,44156,,17.5,,10.41,2024-11-11 00:56:13.141984
8681,44156,,17.23,,10.8,2024-11-11 00:56:13.141984
8682,44156,,16.97,,7.41,2024-11-11 00:56:13.141984
8683,44156,,17.04,,13.22,2024-11-11 00:56:13.141984
8684,44156,,16.73,,6.42,2024-11-11 00:56:13.141984
8685,44156,,16.92,,11.98,2024-11-11 00:56:13.141984
8686,44156,,16.75,,9.19,2024-11-11 00:56:13.141984
8687,44156,,16.75,,12.04,2024-11-11 00:56:13.141984
8688,44156,,16.61,,4.86,2024-11-11 00:56:13.141984
8689,44156,,16.96,,4.43,2024-11-11 00:56:13.141984
8690,44156,,17.29,,8.2,2024-11-11 00:56:13.141984
8691,44156,,17.24,,15.24,2024-11-11 00:56:13.141984
8692,44156,,16.72,,10.88,2024-11-11 00:56:13.141984
8693,44156,,16.6,,6.96,2024-11-11 00:56:13.141984
8694,44156,,16.83,,10.36,2024-11-11 00:56:13.141984
8695,44156,,16.78,,9.32,2024-11-11 00:56:13.141984
8696,44156,,16.78,,10.83,2024-11-11 00:56:13.141984
8697,44156,,16.7,,7.95,2024-11-11 00:56:13.141984
8698,44156,,16.82,,10.3,2024-11-11 00:56:13.141984
8699,44156,,16.77,,13.31,2024-11-11 00:56:13.141984
8700,44156,,16.52,,6.44,2024-11-11 00:56:13.141984
8703,44156,,16.78,,11.42,2024-11-11 00:56:13.141984
8704,44156,,16.69,,14.32,2024-11-11 00:56:13.141984
8705,44156,,16.39,,17.58,2024-11-11 00:56:13.141984
8706,44156,,15.99,,13.57,2024-11-11 00:56:13.141984
8707,44156,,15.94,,17.03,2024-11-11 00:56:13.141984
8708,44156,,15.74,,24.92,2024-11-11 00:56:13.141984
8709,44156,,15.14,,14.18,2024-11-11 00:56:13.141984
8710,44156,,15.27,,12.53,2024-11-11 00:56:13.141984
8711,44156,,15.56,,29.67,2024-11-11 00:56:13.141984
8712,44156,,14.82,,12.7,2024-11-11 00:56:13.141984
8713,44156,,15.1,,13.7,2024-11-11 00:56:13.141984
8714,44156,,15.39,,15.71,2024-11-11 00:56:13.141984
8715,44156,,15.43,,12.96,2024-11-11 00:56:13.141984
8716,44156,,15.61,,16.15,2024-11-11 00:56:13.141984
8717,44156,,15.57,,9.96,2024-11-11 00:56:13.141984
8718,44156,,15.88,,12.31,2024-11-11 00:56:13.141984
8719,44156,,16.01,,21.75,2024-11-11 00:56:13.141984
8720,44156,,15.51,,6.16,2024-11-11 00:56:13.141984
8721,44156,,16.05,,8.59,2024-11-11 00:56:13.141984
8722,44156,,16.4,,73.0,2024-11-11 00:56:13.141984
8723,44156,,13.76,,43.78,2024-11-11 00:56:13.141984
8724,44156,,12.64,,15.11,2024-11-11 00:56:13.141984
8725,44156,,15.51,,1.59,2024-11-11 00:56:13.141984
8726,44156,,16.91,,8.68,2024-11-11 00:56:13.141984
8727,44156,,16.96,,15.37,2024-11-11 00:56:13.141984
8728,44156,,16.53,,10.35,2024-11-11 00:56:13.141984
8729,44156,,16.51,,13.71,2024-11-11 00:56:13.141984
8730,44156,,16.34,,15.23,2024-11-11 00:56:13.141984
8731,44156,,16.09,,7.41,2024-11-11 00:56:13.141984
8732,44156,,16.42,,14.03,2024-11-11 00:56:13.141984
8733,44156,,16.28,,8.82,2024-11-11 00:56:13.141984
8735,44156,,16.45,,15.36,2024-11-11 00:56:13.141984
8736,44156,,16.21,,1.04,2024-11-11 00:56:13.141984
8737,44156,,17.09,,13.03,2024-11-11 00:56:13.141984
8738,44156,,16.86,,10.41,2024-11-11 00:56:13.141984
8739,44156,,16.72,,8.43,2024-11-11 00:56:13.141984
8740,44156,,16.81,,9.87,2024-11-11 00:56:13.141984
8741,44156,,16.78,,11.27,2024-11-11 00:56:13.141984
8742,44156,,16.66,,11.81,2024-11-11 00:56:13.141984
8743,44156,,16.54,,6.37,2024-11-11 00:56:13.141984
8744,44156,,16.81,,7.34,2024-11-11 00:56:13.141984
8745,44156,,16.97,,10.27,2024-11-11 00:56:13.141984
8746,44156,,16.87,,12.32,2024-11-11 00:56:13.141984
8747,44156,,16.65,,10.63,2024-11-11 00:56:13.141984
8748,44156,,16.6,,12.77,2024-11-11 00:56:13.141984
8749,44156,,16.45,,12.52,2024-11-11 00:56:13.141984
8750,44156,,16.34,,10.03,2024-11-11 00:56:13.141984
8751,44156,,16.43,,13.47,2024-11-11 00:56:13.141984
8752,44156,,16.3,,80.11,2024-11-11 00:56:13.141984
8753,44156,,13.46,,3.22,2024-11-11 00:56:13.141984
8754,44156,,14.44,,35.08,2024-11-11 00:56:13.141984
8755,44156,,14.03,,0.21,2024-11-11 00:56:13.141984
8756,44156,,15.28,,1.53,2024-11-11 00:56:13.141984
8757,44156,,16.42,,10.35,2024-11-11 00:56:13.141984
8758,44156,,16.52,,11.17,2024-11-11 00:56:13.141984
8759,44156,,16.48,,19.42,2024-11-11 00:56:13.141984
8760,44156,,15.97,,26.44,2024-11-11 00:56:13.141984
8761,44156,,15.19,,13.7,2024-11-11 00:56:13.141984
8762,44156,,15.33,,15.35,2024-11-11 00:56:13.141984
8764,44156,,15.44,,26.82,2024-11-11 00:56:13.141984
8765,44156,,19.04,,37.27,2024-11-11 00:56:13.141984
8766,44156,,17.07,,21.41,2024-11-11 00:56:13.141984
8767,44156,,19.37,,11.95,2024-11-11 00:56:13.141984
8768,44156,,20.43,,9.32,2024-11-11 00:56:13.141984
8769,44156,,20.64,,3.87,2024-11-11 00:56:13.141984
8770,44156,,20.32,,6.45,2024-11-11 00:56:13.141984
8771,44156,,20.3,,2.17,2024-11-11 00:56:13.141984
8772,44156,,19.97,,3.01,2024-11-11 00:56:13.141984
8773,44156,,19.8,,2.94,2024-11-11 00:56:13.141984
8774,44156,,19.7,,4.04,2024-11-11 00:56:13.141984
8775,44156,,19.73,,4.55,2024-11-11 00:56:13.141984
8776,44156,,19.8,,2.61,2024-11-11 00:56:13.141984
8777,44156,,19.69,,5.2,2024-11-11 00:56:13.141984
8778,44156,,19.81,,4.48,2024-11-11 00:56:13.141984
8779,44156,,19.85,,1.49,2024-11-11 00:56:13.141984
8780,44156,,19.63,,4.48,2024-11-11 00:56:13.141984
8781,44156,,19.71,,4.92,2024-11-11 00:56:13.141984
8782,44156,,19.83,,2.41,2024-11-11 00:56:13.141984
8783,44156,,19.69,,3.24,2024-11-11 00:56:13.141984
8784,44156,,19.65,,0.31,2024-11-11 00:56:13.141984
8785,44156,,19.36,,0.05,2024-11-11 00:56:13.141984
8786,44156,,19.17,,2.51,2024-11-11 00:56:13.141984
8787,44156,,18.87,,1.83,2024-11-11 00:56:13.141984
8788,44156,,18.72,,2.41,2024-11-11 00:56:13.141984
8789,44156,,18.59,,2.09,2024-11-11 00:56:13.141984
8790,44156,,18.52,,5.77,2024-11-11 00:56:13.141984
8791,44156,,18.22,,5.5,2024-11-11 00:56:13.141984
8792,44156,,18.01,,1.01,2024-11-11 00:56:13.141984
8793,44156,,18.22,,0.05,2024-11-11 00:56:13.141984
8794,44156,,18.46,,3.48,2024-11-11 00:56:13.141984
8796,44156,,18.36,,4.79,2024-11-11 00:56:13.141984
8797,44156,,18.17,,7.13,2024-11-11 00:56:13.141984
8798,44156,,17.88,,9.9,2024-11-11 00:56:13.141984
8799,44156,,17.48,,100.46,2024-11-11 00:56:13.141984
8800,44156,,13.67,,14.24,2024-11-11 00:56:13.141984
8801,44156,,15.88,,1.4,2024-11-11 00:56:13.141984
8802,44156,,17.04,,8.05,2024-11-11 00:56:13.141984
8803,44156,,17.04,,6.9,2024-11-11 00:56:13.141984
8804,44156,,17.14,,14.27,2024-11-11 00:56:13.141984
8805,44156,,16.73,,10.07,2024-11-11 00:56:13.141984
8806,44156,,16.66,,12.8,2024-11-11 00:56:13.141984
8807,44156,,16.5,,10.29,2024-11-11 00:56:13.141984
8808,44156,,16.51,,9.34,2024-11-11 00:56:13.141984
8809,44156,,16.61,,15.83,2024-11-11 00:56:13.141984
8810,44156,,16.27,,6.62,2024-11-11 00:56:13.141984
8811,44156,,16.58,,12.03,2024-11-11 00:56:13.141984
8812,44156,,16.52,,12.53,2024-11-11 00:56:13.141984
8813,44156,,16.38,,7.62,2024-11-11 00:56:13.141984
8814,44156,,16.62,,28.34,2024-11-11 00:56:13.141984
8815,44156,,15.62,,19.24,2024-11-11 00:56:13.141984
8816,44156,,15.26,,0.84,2024-11-11 00:56:13.141984
8817,44156,,16.42,,2.73,2024-11-11 00:56:13.141984
8818,44156,,17.51,,4.91,2024-11-11 00:56:13.141984
8819,44156,,17.66,,9.55,2024-11-11 00:56:13.141984
8820,44156,,17.37,,14.88,2024-11-11 00:56:13.141984
8821,44156,,16.82,,11.98,2024-11-11 00:56:13.141984
8822,44156,,16.6,,12.54,2024-11-11 00:56:13.141984
8823,44156,,16.45,,14.87,2024-11-11 00:56:13.141984
8824,44156,,16.2,,11.34,2024-11-11 00:56:13.141984
8825,44156,,16.23,,10.71,2024-11-11 00:56:13.141984
8827,44156,,16.33,,16.81,2024-11-11 00:56:13.141984
8828,44156,,16.02,,11.25,2024-11-11 00:56:13.141984
8829,44156,,16.1,,19.08,2024-11-11 00:56:13.141984
8830,44156,,15.75,,25.3,2024-11-11 00:56:13.141984
8831,44156,,15.1,,24.18,2024-11-11 00:56:13.141984
8832,44156,,14.7,,10.11,2024-11-11 00:56:13.141984
8833,44156,,15.23,,19.08,2024-11-11 00:56:13.141984
8834,44156,,15.18,,17.22,2024-11-11 00:56:13.141984
8835,44156,,15.15,,10.75,2024-11-11 00:56:13.141984
8836,44156,,15.55,,18.88,2024-11-11 00:56:13.141984
8837,44156,,15.39,,17.57,2024-11-11 00:56:13.141984
8838,44156,,15.28,,19.84,2024-11-11 00:56:13.141984
8839,44156,,15.11,,18.51,2024-11-11 00:56:13.141984
8840,44156,,15.04,,21.1,2024-11-11 00:56:13.141984
8841,44156,,14.87,,22.09,2024-11-11 00:56:13.141984
8842,44156,,14.68,,20.33,2024-11-11 00:56:13.141984
8843,44156,,14.65,,24.36,2024-11-11 00:56:13.141984
8844,44156,,14.43,,22.08,2024-11-11 00:56:13.141984
8845,44156,,14.36,,17.22,2024-11-11 00:56:13.141984
8846,44156,,14.6,,19.67,2024-11-11 00:56:13.141984
8847,44156,,14.66,,19.97,2024-11-11 00:56:13.141984
8848,44156,,14.66,,21.36,2024-11-11 00:56:13.141984
8849,44156,,14.59,,20.58,2024-11-11 00:56:13.141984
8850,44156,,14.57,,18.65,2024-11-11 00:56:13.141984
8851,44156,,14.67,,19.07,2024-11-11 00:56:13.141984
8852,44156,,14.73,,26.01,2024-11-11 00:56:13.141984
8853,44156,,14.41,,24.87,2024-11-11 00:56:13.141984
8854,44156,,14.2,,23.48,2024-11-11 00:56:13.141984
8855,44156,,14.15,,24.34,2024-11-11 00:56:13.141984
8856,44156,,14.07,,15.52,2024-11-11 00:56:13.141984
8857,44156,,14.47,,20.48,2024-11-11 00:56:13.141984
8859,44156,,14.55,,16.21,2024-11-11 00:56:13.141984
8860,44156,,14.78,,17.49,2024-11-11 00:56:13.141984
8861,44156,,14.91,,16.94,2024-11-11 00:56:13.141984
8862,44156,,15.01,,8.38,2024-11-11 00:56:13.141984
8863,44156,,15.6,,5.05,2024-11-11 00:56:13.141984
8864,44156,,16.29,,0.67,2024-11-11 00:56:13.141984
8865,44156,,17.2,,5.98,2024-11-11 00:56:13.141984
8866,44156,,17.37,,4.26,2024-11-11 00:56:13.141984
8867,44156,,17.54,,8.94,2024-11-11 00:56:13.141984
8868,44156,,17.36,,41.14,2024-11-11 00:56:13.141984
8869,44156,,15.46,,4.46,2024-11-11 00:56:13.141984
8870,44156,,15.99,,72.95,2024-11-11 00:56:13.141984
8871,44156,,27.95,,97.53,2024-11-11 00:56:13.141984
8872,44156,,20.53,,39.0,2024-11-11 00:56:13.141984
8873,44156,,16.31,,77.53,2024-11-11 00:56:13.141984
8874,44156,,28.23,,39.56,2024-11-11 00:56:13.141984
8875,44156,,21.86,,61.45,2024-11-11 00:56:13.141984
8876,44156,,19.81,,47.62,2024-11-11 00:56:13.141984
8877,44156,,15.53,,15.72,2024-11-11 00:56:13.141984
8878,44156,,15.51,,1.77,2024-11-11 00:56:13.141984
8879,44156,,16.41,,3.73,2024-11-11 00:56:13.141984
8880,44156,,17.0,,9.54,2024-11-11 00:56:13.141984
8881,44156,,16.95,,6.07,2024-11-11 00:56:13.141984
8882,44156,,17.12,,7.67,2024-11-11 00:56:13.141984
8883,44156,,17.16,,23.81,2024-11-11 00:56:13.141984
8884,44156,,16.19,,19.04,2024-11-11 00:56:13.141984
8885,44156,,15.68,,2.61,2024-11-11 00:56:13.141984
8886,44156,,16.85,,14.31,2024-11-11 00:56:13.141984
8887,44156,,16.64,,4.26,2024-11-11 00:56:13.141984
8888,44156,,16.98,,9.34,2024-11-11 00:56:13.141984
8890,44156,,18.41,,65.41,2024-11-11 00:56:13.141984
8891,44156,,15.38,,87.32,2024-11-11 00:56:13.141984
8892,44156,,23.51,,74.54,2024-11-11 00:56:13.141984
8893,44156,,16.95,,22.21,2024-11-11 00:56:13.141984
8894,44156,,15.75,,90.64,2024-11-11 00:56:13.141984
8895,44156,,14.68,,10.43,2024-11-11 00:56:13.141984
8896,44156,,9.85,,11.42,2024-11-11 00:56:13.141984
8897,44156,,14.93,,2.03,2024-11-11 00:56:13.141984
8898,44156,,15.98,,9.3,2024-11-11 00:56:13.141984
8899,44156,,16.43,,13.47,2024-11-11 00:56:13.141984
8900,44156,,16.25,,8.77,2024-11-11 00:56:13.141984
8901,44156,,16.45,,11.45,2024-11-11 00:56:13.141984
8902,44156,,16.45,,8.8,2024-11-11 00:56:13.141984
8903,44156,,16.58,,10.83,2024-11-11 00:56:13.141984
8904,44156,,16.57,,10.54,2024-11-11 00:56:13.141984
8905,44156,,16.56,,13.42,2024-11-11 00:56:13.141984
8906,44156,,16.38,,8.91,2024-11-11 00:56:13.141984
8907,44156,,16.52,,23.47,2024-11-11 00:56:13.141984
8908,44156,,15.8,,17.21,2024-11-11 00:56:13.141984
8909,44156,,15.53,,13.52,2024-11-11 00:56:13.141984
8910,44156,,15.65,,15.41,2024-11-11 00:56:13.141984
8911,44156,,15.63,,1.88,2024-11-11 00:56:13.141984
8912,44156,,16.76,,1.02,2024-11-11 00:56:13.141984
8913,44156,,17.46,,7.31,2024-11-11 00:56:13.141984
8914,44156,,17.42,,65.9,2024-11-11 00:56:13.141984
8915,44156,,14.59,,8.35,2024-11-11 00:56:13.141984
8916,44156,,16.2,,5.06,2024-11-11 00:56:13.141984
8917,44156,,16.92,,38.92,2024-11-11 00:56:13.141984
8918,44156,,15.27,,10.65,2024-11-11 00:56:13.141984
8919,44156,,15.46,,26.51,2024-11-11 00:56:13.141984
8920,44156,,14.98,,0.53,2024-11-11 00:56:13.141984
8922,44156,,16.1,,0.5,2024-11-11 00:56:13.141984
8923,44156,,17.06,,15.74,2024-11-11 00:56:13.141984
8924,44156,,16.62,,12.53,2024-11-11 00:56:13.141984
8925,44156,,16.41,,16.3,2024-11-11 00:56:13.141984
8926,44156,,16.1,,11.03,2024-11-11 00:56:13.141984
8927,44156,,16.17,,5.69,2024-11-11 00:56:13.141984
8928,44156,,16.62,,11.17,2024-11-11 00:56:13.141984
8929,44156,,16.6,,3.94,2024-11-11 00:56:13.141984
8930,44156,,17.02,,9.1,2024-11-11 00:56:13.141984
8931,44156,,17.02,,9.66,2024-11-11 00:56:13.141984
8932,44156,,16.92,,4.25,2024-11-11 00:56:13.141984
8933,44156,,17.23,,11.3,2024-11-11 00:56:13.141984
8934,44156,,17.0,,16.6,2024-11-11 00:56:13.141984
8935,44156,,16.45,,13.45,2024-11-11 00:56:13.141984
8936,44156,,16.26,,23.18,2024-11-11 00:56:13.141984
8937,44156,,15.61,,9.77,2024-11-11 00:56:13.141984
8938,44156,,15.87,,11.45,2024-11-11 00:56:13.141984
8939,44156,,16.07,,15.33,2024-11-11 00:56:13.141984
8940,44156,,18.26,,27.51,2024-11-11 00:56:13.141984
8941,44156,,16.93,,16.76,2024-11-11 00:56:13.141984
8942,44156,,16.21,,9.16,2024-11-11 00:56:13.141984
8943,44156,,16.41,,1.86,2024-11-11 00:56:13.141984
8944,44156,,17.06,,83.05,2024-11-11 00:56:13.141984
8945,44156,,13.95,,40.34,2024-11-11 00:56:13.141984
8946,44156,,12.81,,21.94,2024-11-11 00:56:13.141984
8947,44156,,16.34,,17.47,2024-11-11 00:56:13.141984
8948,44156,,16.3,,41.99,2024-11-11 00:56:13.141984
8949,44156,,14.62,,40.04,2024-11-11 00:56:13.141984
8950,44156,,13.56,,17.47,2024-11-11 00:56:13.141984
8951,44156,,16.44,,12.99,2024-11-11 00:56:13.141984
8952,44156,,16.61,,9.13,2024-11-11 00:56:13.141984
8954,44156,,16.6,,2.28,2024-11-11 00:56:13.141984
8955,44156,,17.18,,12.29,2024-11-11 00:56:13.141984
8956,44156,,16.92,,5.22,2024-11-11 00:56:13.141984
8957,44156,,17.13,,8.28,2024-11-11 00:56:13.141984
8958,44156,,17.14,,15.65,2024-11-11 00:56:13.141984
8959,44156,,19.06,,22.81,2024-11-11 00:56:13.141984
8960,44156,,17.67,,14.0,2024-11-11 00:56:13.141984
8961,44156,,16.89,,19.49,2024-11-11 00:56:13.141984
8962,44156,,19.29,,28.17,2024-11-11 00:56:13.141984
8963,44156,,17.57,,13.72,2024-11-11 00:56:13.141984
8964,44156,,16.79,,5.53,2024-11-11 00:56:13.141984
8965,44156,,17.07,,11.37,2024-11-11 00:56:13.141984
8966,44156,,18.63,,23.54,2024-11-11 00:56:13.141984
8967,44156,,17.31,,7.45,2024-11-11 00:56:13.141984
8968,44156,,17.1,,8.56,2024-11-11 00:56:13.141984
8969,44156,,18.42,,19.46,2024-11-11 00:56:13.141984
8970,44156,,17.38,,14.27,2024-11-11 00:56:13.141984
8971,44156,,16.74,,11.75,2024-11-11 00:56:13.141984
8972,44156,,16.6,,16.75,2024-11-11 00:56:13.141984
8973,44156,,18.78,,22.35,2024-11-11 00:56:13.141984
8974,44156,,17.54,,17.09,2024-11-11 00:56:13.141984
8975,44156,,16.62,,13.99,2024-11-11 00:56:13.141984
8976,44156,,16.37,,46.55,2024-11-11 00:56:13.141984
8977,44156,,14.6,,34.56,2024-11-11 00:56:13.141984
8978,44156,,13.72,,6.67,2024-11-11 00:56:13.141984
8979,44156,,15.66,,18.73,2024-11-11 00:56:13.141984
8980,44156,,18.46,,26.18,2024-11-11 00:56:13.141984
8981,44156,,17.11,,67.91,2024-11-11 00:56:13.141984
8982,44156,,14.1,,31.09,2024-11-11 00:56:13.141984
8983,44156,,18.29,,22.1,2024-11-11 00:56:13.141984
8985,44156,,17.46,,18.05,2024-11-11 00:56:13.141984
8986,44156,,16.47,,1.42,2024-11-11 00:56:13.141984
8987,44156,,17.11,,38.3,2024-11-11 00:56:13.141984
8988,44156,,21.89,,48.71,2024-11-11 00:56:13.141984
8989,44156,,18.37,,19.52,2024-11-11 00:56:13.141984
8990,44156,,16.7,,16.5,2024-11-11 00:56:13.141984
8991,44156,,18.87,,24.55,2024-11-11 00:56:13.141984
8992,44156,,17.46,,15.48,2024-11-11 00:56:13.141984
8993,44156,,16.65,,12.2,2024-11-11 00:56:13.141984
8994,44156,,16.51,,36.55,2024-11-11 00:56:13.141984
8995,44156,,21.16,,43.75,2024-11-11 00:56:13.141984
8996,44156,,18.15,,26.75,2024-11-11 00:56:13.141984
8997,44156,,16.2,,11.19,2024-11-11 00:56:13.141984
8998,44156,,16.24,,13.49,2024-11-11 00:56:13.141984
8999,44156,,16.16,,13.64,2024-11-11 00:56:13.141984
9000,44156,,16.07,,35.04,2024-11-11 00:56:13.141984
9001,44156,,14.9,,17.77,2024-11-11 00:56:13.141984
9002,44156,,17.5,,12.98,2024-11-11 00:56:13.141984
9003,44156,,17.32,,17.58,2024-11-11 00:56:13.141984
9004,44156,,16.53,,3.83,2024-11-11 00:56:13.141984
9005,44156,,16.96,,14.59,2024-11-11 00:56:13.141984
9006,44156,,16.63,,49.55,2024-11-11 00:56:13.141984
9007,44156,,14.62,,42.5,2024-11-11 00:56:13.141984
9008,44156,,13.39,,25.85,2024-11-11 00:56:13.141984
9009,44156,,13.41,,4.08,2024-11-11 00:56:13.141984
9010,44156,,15.26,,10.58,2024-11-11 00:56:13.141984
9011,44156,,15.81,,37.96,2024-11-11 00:56:13.141984
9012,44156,,14.59,,41.93,2024-11-11 00:56:13.141984
9013,44156,,13.47,,11.96,2024-11-11 00:56:13.141984
9014,44156,,15.85,,11.31,2024-11-11 00:56:13.141984
9015,44156,,16.26,,13.15,2024-11-11 00:56:13.141984
9017,44156,,16.13,,5.08,2024-11-11 00:56:13.141984
9018,44156,,16.63,,4.26,2024-11-11 00:56:13.141984
9019,44156,,17.07,,8.17,2024-11-11 00:56:13.141984
9020,44156,,17.1,,4.2,2024-11-11 00:56:13.141984
9021,44156,,17.36,,9.39,2024-11-11 00:56:13.141984
9022,44156,,17.21,,7.7,2024-11-11 00:56:13.141984
9023,44156,,17.17,,3.81,2024-11-11 00:56:13.141984
9024,44156,,17.45,,9.89,2024-11-11 00:56:13.141984
9025,44156,,17.24,,7.62,2024-11-11 00:56:13.141984
9026,44156,,17.19,,9.77,2024-11-11 00:56:13.141984
9027,44156,,17.05,,6.43,2024-11-11 00:56:13.141984
9028,44156,,17.16,,8.2,2024-11-11 00:56:13.141984
9029,44156,,17.14,,13.14,2024-11-11 00:56:13.141984
9030,44156,,16.79,,7.77,2024-11-11 00:56:13.141984
9031,44156,,16.87,,13.68,2024-11-11 00:56:13.141984
9032,44156,,16.6,,10.45,2024-11-11 00:56:13.141984
9033,44156,,16.56,,7.18,2024-11-11 00:56:13.141984
9034,44156,,16.79,,10.17,2024-11-11 00:56:13.141984
9035,44156,,16.76,,4.36,2024-11-11 00:56:13.141984
9036,44156,,17.11,,9.12,2024-11-11 00:56:13.141984
9037,44156,,17.07,,7.9,2024-11-11 00:56:13.141984
9038,44156,,17.07,,6.89,2024-11-11 00:56:13.141984
9039,44156,,17.16,,46.54,2024-11-11 00:56:13.141984
9040,44156,,15.14,,5.8,2024-11-11 00:56:13.141984
9041,44156,,15.63,,46.35,2024-11-11 00:56:13.141984
9042,44156,,14.29,,43.62,2024-11-11 00:56:13.141984
9043,44156,,13.12,,0.31,2024-11-11 00:56:13.141984
9044,44156,,14.65,,43.63,2024-11-11 00:56:13.141984
9045,44156,,13.78,,1.57,2024-11-11 00:56:13.141984
9046,44156,,15.18,,19.72,2024-11-11 00:56:13.141984
9048,44156,,15.25,,7.09,2024-11-11 00:56:13.141984
9049,44156,,15.78,,1.38,2024-11-11 00:56:13.141984
9050,44156,,16.91,,6.49,2024-11-11 00:56:13.141984
9051,44156,,17.15,,13.95,2024-11-11 00:56:13.141984
9052,44156,,16.75,,17.96,2024-11-11 00:56:13.141984
9053,44156,,16.2,,6.44,2024-11-11 00:56:13.141984
9054,44156,,16.53,,5.69,2024-11-11 00:56:13.141984
9055,44156,,16.91,,15.51,2024-11-11 00:56:13.141984
9056,44156,,16.51,,6.52,2024-11-11 00:56:13.141984
9057,44156,,16.74,,9.55,2024-11-11 00:56:13.141984
9058,44156,,16.79,,35.51,2024-11-11 00:56:13.141984
9059,44156,,15.35,,23.29,2024-11-11 00:56:13.141984
9060,44156,,14.82,,0.0,2024-11-11 00:56:13.141984
9061,44156,,16.02,,3.22,2024-11-11 00:56:13.141984
9062,44156,,16.78,,11.57,2024-11-11 00:56:13.141984
9063,44156,,16.68,,18.3,2024-11-11 00:56:13.141984
9064,44156,,16.15,,11.38,2024-11-11 00:56:13.141984
9065,44156,,16.17,,15.09,2024-11-11 00:56:13.141984
9066,44156,,16.02,,15.25,2024-11-11 00:56:13.141984
9067,44156,,15.87,,0.13,2024-11-11 00:56:13.141984
9068,44156,,16.8,,5.99,2024-11-11 00:56:13.141984
9069,44156,,17.12,,51.5,2024-11-11 00:56:13.141984
9070,44156,,14.91,,27.11,2024-11-11 00:56:13.141984
9071,44156,,14.22,,14.08,2024-11-11 00:56:13.141984
9072,44156,,16.73,,49.37,2024-11-11 00:56:13.141984
9073,44156,,15.0,,21.07,2024-11-11 00:56:13.141984
9074,44156,,14.54,,15.03,2024-11-11 00:56:13.141984
9075,44156,,14.92,,32.27,2024-11-11 00:56:13.141984
9076,44156,,14.26,,14.97,2024-11-11 00:56:13.141984
9077,44156,,16.76,,0.95,2024-11-11 00:56:13.141984
9078,44156,,17.74,,5.16,2024-11-11 00:56:13.141984
9081,44156,,17.74,,2.07,2024-11-11 00:56:13.141984
9082,44156,,17.96,,9.45,2024-11-11 00:56:13.141984
9083,44156,,17.61,,5.01,2024-11-11 00:56:13.141984
9084,44156,,17.62,,2.09,2024-11-11 00:56:13.141984
9085,44156,,17.89,,8.1,2024-11-11 00:56:13.141984
9086,44156,,17.65,,2.2,2024-11-11 00:56:13.141984
9087,44156,,17.86,,0.34,2024-11-11 00:56:13.141984
9088,44156,,18.2,,7.18,2024-11-11 00:56:13.141984
9089,44156,,17.93,,5.97,2024-11-11 00:56:13.141984
9090,44156,,17.77,,1.39,2024-11-11 00:56:13.141984
9091,44156,,18.25,,1.84,2024-11-11 00:56:13.141984
9092,44156,,18.36,,6.68,2024-11-11 00:56:13.141984
9093,44156,,18.04,,15.64,2024-11-11 00:56:13.141984
9094,44156,,17.22,,14.04,2024-11-11 00:56:13.141984
9095,44156,,16.72,,13.13,2024-11-11 00:56:13.141984
9096,44156,,16.48,,13.58,2024-11-11 00:56:13.141984
9097,44156,,16.3,,16.76,2024-11-11 00:56:13.141984
9098,44156,,15.98,,10.21,2024-11-11 00:56:13.141984
9099,44156,,16.14,,11.93,2024-11-11 00:56:13.141984
9100,44156,,16.2,,20.98,2024-11-11 00:56:13.141984
9101,44156,,18.94,,11.7,2024-11-11 00:56:13.141984
9102,44156,,20.09,,36.2,2024-11-11 00:56:13.141984
9103,44156,,17.51,,47.89,2024-11-11 00:56:13.141984
9104,44156,,14.97,,14.71,2024-11-11 00:56:13.141984
9105,44156,,15.02,,30.91,2024-11-11 00:56:13.141984
9106,44156,,19.27,,5.54,2024-11-11 00:56:13.141984
9107,44156,,19.84,,37.87,2024-11-11 00:56:13.141984
9108,44156,,17.19,,39.53,2024-11-11 00:56:13.141984
9109,44156,,15.15,,22.23,2024-11-11 00:56:13.141984
9110,44156,,18.19,,9.28,2024-11-11 00:56:13.141984
9111,44156,,19.43,,3.04,2024-11-11 00:56:13.141984
9113,44156,,19.5,,0.71,2024-11-11 00:56:13.141984
9114,44156,,19.34,,1.33,2024-11-11 00:56:13.141984
9115,44156,,19.27,,6.09,2024-11-11 00:56:13.141984
9116,44156,,19.63,,3.59,2024-11-11 00:56:13.141984
9117,44156,,19.68,,3.91,2024-11-11 00:56:13.141984
9118,44156,,19.71,,1.5,2024-11-11 00:56:13.141984
9119,44156,,19.54,,1.06,2024-11-11 00:56:13.141984
9120,44156,,19.38,,3.0,2024-11-11 00:56:13.141984
9121,44156,,19.44,,1.17,2024-11-11 00:56:13.141984
9122,44156,,19.35,,0.15,2024-11-11 00:56:13.141984
9123,44156,,19.19,,2.4,2024-11-11 00:56:13.141984
9124,44156,,18.89,,0.37,2024-11-11 00:56:13.141984
9125,44156,,18.84,,1.84,2024-11-11 00:56:13.141984
9126,44156,,18.72,,3.71,2024-11-11 00:56:13.141984
9127,44156,,18.49,,2.49,2024-11-11 00:56:13.141984
9128,44156,,18.42,,6.91,2024-11-11 00:56:13.141984
9129,44156,,18.07,,3.73,2024-11-11 00:56:13.141984
9130,44156,,18.03,,4.4,2024-11-11 00:56:13.141984
9131,44156,,18.67,,0.92,2024-11-11 00:56:13.141984
9132,44156,,18.73,,2.86,2024-11-11 00:56:13.141984
9133,44156,,18.55,,7.04,2024-11-11 00:56:13.141984
9134,44156,,18.14,,38.58,2024-11-11 00:56:13.141984
9135,44156,,16.07,,32.92,2024-11-11 00:56:13.141984
9136,44156,,14.77,,27.55,2024-11-11 00:56:13.141984
9137,44156,,14.3,,18.29,2024-11-11 00:56:13.141984
9138,44156,,17.16,,1.9,2024-11-11 00:56:13.141984
9139,44156,,17.82,,37.93,2024-11-11 00:56:13.141984
9140,44156,,15.9,,53.47,2024-11-11 00:56:13.141984
9141,44156,,13.83,,13.51,2024-11-11 00:56:13.141984
9143,44156,,16.21,,3.18,2024-11-11 00:56:13.141984
9144,44156,,17.07,,6.82,2024-11-11 00:56:13.141984
9145,44156,,17.15,,5.15,2024-11-11 00:56:13.141984
9146,44156,,17.34,,9.19,2024-11-11 00:56:13.141984
9147,44156,,17.2,,5.85,2024-11-11 00:56:13.141984
9148,44156,,17.3,,8.81,2024-11-11 00:56:13.141984
9149,44156,,17.2,,7.37,2024-11-11 00:56:13.141984
9150,44156,,17.2,,8.04,2024-11-11 00:56:13.141984
9151,44156,,17.17,,10.06,2024-11-11 00:56:13.141984
9152,44156,,17.01,,1.07,2024-11-11 00:56:13.141984
9153,44156,,17.52,,8.55,2024-11-11 00:56:13.141984
9154,44156,,17.4,,6.81,2024-11-11 00:56:13.141984
9155,44156,,17.36,,6.31,2024-11-11 00:56:13.141984
9156,44156,,17.4,,7.54,2024-11-11 00:56:13.141984
9157,44156,,17.34,,5.8,2024-11-11 00:56:13.141984
9158,44156,,17.41,,23.13,2024-11-11 00:56:13.141984
9159,44156,,20.07,,18.48,2024-11-11 00:56:13.141984
9160,44156,,18.6,,7.89,2024-11-11 00:56:13.141984
9161,44156,,17.91,,6.16,2024-11-11 00:56:13.141984
9162,44156,,17.79,,15.0,2024-11-11 00:56:13.141984
9163,44156,,17.11,,12.79,2024-11-11 00:56:13.141984
9164,44156,,16.73,,49.64,2024-11-11 00:56:13.141984
9165,44156,,14.72,,41.67,2024-11-11 00:56:13.141984
9166,44156,,13.47,,24.03,2024-11-11 00:56:13.141984
9167,44156,,13.55,,5.51,2024-11-11 00:56:13.141984
9168,44156,,15.48,,6.76,2024-11-11 00:56:13.141984
9169,44156,,16.21,,43.71,2024-11-11 00:56:13.141984
9170,44156,,14.64,,46.55,2024-11-11 00:56:13.141984
9171,44156,,13.28,,5.56,2024-11-11 00:56:13.141984
9172,44156,,14.39,,14.75,2024-11-11 00:56:13.141984
9173,44156,,14.9,,6.81,2024-11-11 00:56:13.141984
9175,44156,,15.61,,31.18,2024-11-11 00:56:13.141984
9176,44156,,14.85,,22.52,2024-11-11 00:56:13.141984
9177,44156,,14.55,,2.32,2024-11-11 00:56:13.141984
9178,44156,,15.66,,12.18,2024-11-11 00:56:13.141984
9179,44156,,15.93,,14.69,2024-11-11 00:56:13.141984
9180,44156,,15.85,,14.44,2024-11-11 00:56:13.141984
9181,44156,,15.81,,12.29,2024-11-11 00:56:13.141984
9182,44156,,15.92,,14.12,2024-11-11 00:56:13.141984
9183,44156,,15.9,,15.38,2024-11-11 00:56:13.141984
9184,44156,,15.79,,16.96,2024-11-11 00:56:13.141984
9185,44156,,15.62,,18.51,2024-11-11 00:56:13.141984
9186,44156,,15.41,,11.18,2024-11-11 00:56:13.141984
9187,44156,,15.69,,16.74,2024-11-11 00:56:13.141984
9188,44156,,15.61,,12.46,2024-11-11 00:56:13.141984
9189,44156,,15.74,,19.6,2024-11-11 00:56:13.141984
9190,44156,,15.47,,22.78,2024-11-11 00:56:13.141984
9191,44156,,15.05,,11.65,2024-11-11 00:56:13.141984
9192,44156,,15.38,,6.95,2024-11-11 00:56:13.141984
9193,44156,,16.0,,12.44,2024-11-11 00:56:13.141984
9194,44156,,16.09,,9.01,2024-11-11 00:56:13.141984
9195,44156,,16.32,,16.82,2024-11-11 00:56:13.141984
9196,44156,,16.03,,38.43,2024-11-11 00:56:13.141984
9197,44156,,14.69,,50.51,2024-11-11 00:56:13.141984
9198,44156,,13.22,,26.15,2024-11-11 00:56:13.141984
9199,44156,,13.21,,5.78,2024-11-11 00:56:13.141984
9200,44156,,15.24,,12.56,2024-11-11 00:56:13.141984
9201,44156,,15.69,,42.77,2024-11-11 00:56:13.141984
9202,44156,,14.29,,6.4,2024-11-11 00:56:13.141984
9203,44156,,15.04,,5.92,2024-11-11 00:56:13.141984
9204,44156,,15.9,,1.27,2024-11-11 00:56:13.141984
9206,44156,,16.76,,7.99,2024-11-11 00:56:13.141984
9207,44156,,16.93,,8.11,2024-11-11 00:56:13.141984
9208,44156,,16.97,,3.16,2024-11-11 00:56:13.141984
9209,44156,,17.35,,5.6,2024-11-11 00:56:13.141984
9210,44156,,17.47,,1.51,2024-11-11 00:56:13.141984
9211,44156,,17.82,,5.32,2024-11-11 00:56:13.141984
9212,44156,,17.81,,4.34,2024-11-11 00:56:13.141984
9213,44156,,17.83,,3.42,2024-11-11 00:56:13.141984
9214,44156,,17.93,,5.22,2024-11-11 00:56:13.141984
9215,44156,,17.87,,7.26,2024-11-11 00:56:13.141984
9216,44156,,17.67,,9.62,2024-11-11 00:56:13.141984
9217,44156,,17.37,,6.89,2024-11-11 00:56:13.141984
9218,44156,,17.34,,8.51,2024-11-11 00:56:13.141984
9219,44156,,17.24,,10.3,2024-11-11 00:56:13.141984
9220,44156,,17.03,,12.78,2024-11-11 00:56:13.141984
9221,44156,,16.73,,7.59,2024-11-11 00:56:13.141984
9222,44156,,16.85,,9.92,2024-11-11 00:56:13.141984
9223,44156,,16.82,,4.47,2024-11-11 00:56:13.141984
9224,44156,,17.14,,8.07,2024-11-11 00:56:13.141984
9225,44156,,17.16,,2.51,2024-11-11 00:56:13.141984
9226,44156,,17.52,,11.95,2024-11-11 00:56:13.141984
9227,44156,,17.17,,3.31,2024-11-11 00:56:13.141984
9228,44156,,17.43,,45.98,2024-11-11 00:56:13.141984
9229,44156,,15.38,,8.01,2024-11-11 00:56:13.141984
9230,44156,,16.85,,47.29,2024-11-11 00:56:13.141984
9231,44156,,15.15,,41.85,2024-11-11 00:56:13.141984
9232,44156,,13.69,,19.09,2024-11-11 00:56:13.141984
9233,44156,,16.73,,51.54,2024-11-11 00:56:13.141984
9234,44156,,14.99,,9.48,2024-11-11 00:56:13.141984
9235,44156,,16.62,,0.42,2024-11-11 00:56:13.141984
9236,44156,,17.54,,7.28,2024-11-11 00:56:13.141984
9238,44156,,17.45,,10.44,2024-11-11 00:56:13.141984
9239,44156,,17.17,,1.6,2024-11-11 00:56:13.141984
9240,44156,,17.83,,3.48,2024-11-11 00:56:13.141984
9241,44156,,17.98,,12.59,2024-11-11 00:56:13.141984
9242,44156,,17.39,,9.92,2024-11-11 00:56:13.141984
9243,44156,,17.12,,8.22,2024-11-11 00:56:13.141984
9244,44156,,17.09,,6.68,2024-11-11 00:56:13.141984
9245,44156,,17.18,,9.15,2024-11-11 00:56:13.141984
9246,44156,,17.09,,6.48,2024-11-11 00:56:13.141984
9247,44156,,17.19,,10.55,2024-11-11 00:56:13.141984
9248,44156,,17.01,,32.99,2024-11-11 00:56:13.141984
9249,44156,,15.6,,14.04,2024-11-11 00:56:13.141984
9250,44156,,15.52,,0.0,2024-11-11 00:56:13.141984
9251,44156,,16.59,,6.21,2024-11-11 00:56:13.141984
9252,44156,,16.95,,9.64,2024-11-11 00:56:13.141984
9253,44156,,16.89,,10.75,2024-11-11 00:56:13.141984
9254,44156,,16.77,,4.81,2024-11-11 00:56:13.141984
9255,44156,,17.08,,8.93,2024-11-11 00:56:13.141984
9256,44156,,17.06,,8.32,2024-11-11 00:56:13.141984
9257,44156,,17.04,,2.59,2024-11-11 00:56:13.141984
9258,44156,,17.44,,5.83,2024-11-11 00:56:13.141984
9259,44156,,17.52,,45.27,2024-11-11 00:56:13.141984
9260,44156,,15.42,,0.13,2024-11-11 00:56:13.141984
9261,44156,,16.26,,29.98,2024-11-11 00:56:13.141984
9262,44156,,15.44,,53.48,2024-11-11 00:56:13.141984
9263,44156,,13.58,,8.64,2024-11-11 00:56:13.141984
9264,44156,,14.37,,8.05,2024-11-11 00:56:13.141984
9265,44156,,15.27,,23.74,2024-11-11 00:56:13.141984
9266,44156,,14.94,,7.95,2024-11-11 00:56:13.141984
9267,44156,,16.69,,2.77,2024-11-11 00:56:13.141984
9269,44156,,17.35,,0.75,2024-11-11 00:56:13.141984
9270,44156,,17.79,,2.24,2024-11-11 00:56:13.141984
9271,44156,,18.02,,9.34,2024-11-11 00:56:13.141984
9272,44156,,17.65,,3.52,2024-11-11 00:56:13.141984
9273,44156,,17.75,,3.86,2024-11-11 00:56:13.141984
9274,44156,,17.86,,6.06,2024-11-11 00:56:13.141984
9275,44156,,17.76,,0.79,2024-11-11 00:56:13.141984
9276,44156,,18.06,,3.08,2024-11-11 00:56:13.141984
9277,44156,,18.13,,7.92,2024-11-11 00:56:13.141984
9278,44156,,17.8,,6.59,2024-11-11 00:56:13.141984
9279,44156,,17.65,,2.2,2024-11-11 00:56:13.141984
9280,44156,,17.89,,4.74,2024-11-11 00:56:13.141984
9281,44156,,17.89,,6.24,2024-11-11 00:56:13.141984
9282,44156,,17.75,,16.62,2024-11-11 00:56:13.141984
9283,44156,,16.99,,12.15,2024-11-11 00:56:13.141984
9284,44156,,16.68,,11.5,2024-11-11 00:56:13.141984
9285,44156,,16.58,,14.34,2024-11-11 00:56:13.141984
9286,44156,,16.32,,3.29,2024-11-11 00:56:13.141984
9287,44156,,16.86,,27.53,2024-11-11 00:56:13.141984
9288,44156,,15.86,,4.52,2024-11-11 00:56:13.141984
9289,44156,,17.02,,2.22,2024-11-11 00:56:13.141984
9290,44156,,17.6,,48.27,2024-11-11 00:56:13.141984
9291,44156,,15.35,,31.99,2024-11-11 00:56:13.141984
9292,44156,,14.28,,9.04,2024-11-11 00:56:13.141984
9293,44156,,16.3,,54.94,2024-11-11 00:56:13.141984
9294,44156,,14.49,,0.41,2024-11-11 00:56:13.141984
9295,44156,,15.52,,22.69,2024-11-11 00:56:13.141984
9296,44156,,15.34,,42.3,2024-11-11 00:56:13.141984
9297,44156,,14.0,,7.77,2024-11-11 00:56:13.141984
9298,44156,,15.89,,3.25,2024-11-11 00:56:13.141984
9299,44156,,16.78,,8.82,2024-11-11 00:56:13.141984
9301,44156,,16.83,,17.04,2024-11-11 00:56:13.141984
9302,44156,,16.35,,17.63,2024-11-11 00:56:13.141984
9303,44156,,15.93,,24.26,2024-11-11 00:56:13.141984
9304,44156,,15.3,,15.91,2024-11-11 00:56:13.141984
9305,44156,,15.29,,15.4,2024-11-11 00:56:13.141984
9306,44156,,15.38,,7.93,2024-11-11 00:56:13.141984
9307,44156,,15.89,,9.44,2024-11-11 00:56:13.141984
9308,44156,,16.21,,22.8,2024-11-11 00:56:13.141984
9309,44156,,15.61,,14.95,2024-11-11 00:56:13.141984
9310,44156,,15.55,,14.76,2024-11-11 00:56:13.141984
9311,44156,,15.61,,17.81,2024-11-11 00:56:13.141984
9312,44156,,15.45,,19.03,2024-11-11 00:56:13.141984
9313,44156,,15.26,,20.63,2024-11-11 00:56:13.141984
9314,44156,,15.04,,21.1,2024-11-11 00:56:13.141984
9315,44156,,14.85,,12.08,2024-11-11 00:56:13.141984
9316,44156,,15.23,,17.61,2024-11-11 00:56:13.141984
9317,44156,,15.24,,36.68,2024-11-11 00:56:13.141984
9318,44156,,14.25,,9.2,2024-11-11 00:56:13.141984
9319,44156,,14.88,,26.64,2024-11-11 00:56:13.141984
9320,44156,,14.59,,0.07,2024-11-11 00:56:13.141984
9321,44156,,15.78,,4.85,2024-11-11 00:56:13.141984
9322,44156,,16.52,,46.32,2024-11-11 00:56:13.141984
9323,44156,,14.75,,26.5,2024-11-11 00:56:13.141984
9324,44156,,14.18,,6.83,2024-11-11 00:56:13.141984
9325,44156,,16.07,,50.75,2024-11-11 00:56:13.141984
9326,44156,,14.46,,26.29,2024-11-11 00:56:13.141984
9327,44156,,13.93,,12.52,2024-11-11 00:56:13.141984
9328,44156,,14.59,,36.23,2024-11-11 00:56:13.141984
9329,44156,,13.9,,11.91,2024-11-11 00:56:13.141984
9330,44156,,16.17,,2.0,2024-11-11 00:56:13.141984
9331,44156,,17.4,,6.75,2024-11-11 00:56:13.141984
9333,44156,,17.42,,30.0,2024-11-11 00:56:13.141984
9334,44156,,16.04,,16.32,2024-11-11 00:56:13.141984
9335,44156,,15.69,,11.12,2024-11-11 00:56:13.141984
9336,44156,,15.93,,10.86,2024-11-11 00:56:13.141984
9337,44156,,16.11,,45.14,2024-11-11 00:56:13.141984
9338,44156,,14.52,,40.73,2024-11-11 00:56:13.141984
9339,44156,,20.14,,21.94,2024-11-11 00:56:13.141984
9340,44156,,21.94,,70.08,2024-11-11 00:56:13.141984
9341,44156,,17.36,,33.54,2024-11-11 00:56:13.141984
9342,44156,,15.2,,17.83,2024-11-11 00:56:13.141984
9343,44156,,15.17,,25.37,2024-11-11 00:56:13.141984
9344,44156,,14.74,,23.35,2024-11-11 00:56:13.141984
9345,44156,,14.5,,28.32,2024-11-11 00:56:13.141984
9346,44156,,14.13,,30.23,2024-11-11 00:56:13.141984
9347,44156,,13.75,,19.57,2024-11-11 00:56:13.141984
9348,44156,,14.0,,28.44,2024-11-11 00:56:13.141984
9349,44156,,13.82,,22.3,2024-11-11 00:56:13.141984
9350,44156,,13.9,,25.23,2024-11-11 00:56:13.141984
9351,44156,,13.88,,20.7,2024-11-11 00:56:13.141984
9352,44156,,14.05,,25.45,2024-11-11 00:56:13.141984
9353,44156,,13.98,,25.95,2024-11-11 00:56:13.141984
9354,44156,,13.86,,30.14,2024-11-11 00:56:13.141984
9355,44156,,13.6,,32.94,2024-11-11 00:56:13.141984
9356,44156,,13.27,,18.48,2024-11-11 00:56:13.141984
9357,44156,,13.7,,24.55,2024-11-11 00:56:13.141984
9358,44156,,13.81,,27.32,2024-11-11 00:56:13.141984
9359,44156,,17.76,,8.92,2024-11-11 00:56:13.141984
9360,44156,,19.15,,0.79,2024-11-11 00:56:13.141984
9361,44156,,19.02,,0.11,2024-11-11 00:56:13.141984
9362,44156,,18.95,,1.3,2024-11-11 00:56:13.141984
9364,44156,,19.03,,5.72,2024-11-11 00:56:13.141984
9365,44156,,18.56,,41.14,2024-11-11 00:56:13.141984
9366,44156,,16.22,,28.22,2024-11-11 00:56:13.141984
9367,44156,,15.07,,19.6,2024-11-11 00:56:13.141984
9368,44156,,14.95,,13.26,2024-11-11 00:56:13.141984
9369,44156,,15.24,,15.45,2024-11-11 00:56:13.141984
9370,44156,,15.36,,34.15,2024-11-11 00:56:13.141984
9371,44156,,14.46,,25.74,2024-11-11 00:56:13.141984
9372,44156,,14.13,,15.35,2024-11-11 00:56:13.141984
9373,44156,,14.53,,28.58,2024-11-11 00:56:13.141984
9374,44156,,14.19,,21.8,2024-11-11 00:56:13.141984
9375,44156,,14.17,,17.3,2024-11-11 00:56:13.141984
9376,44156,,14.47,,25.83,2024-11-11 00:56:13.141984
9377,44156,,14.26,,25.09,2024-11-11 00:56:13.141984
9378,44156,,14.08,,95.28,2024-11-11 00:56:13.141984
9379,44156,,11.75,,2.17,2024-11-11 00:56:13.141984
9380,44156,,13.2,,20.55,2024-11-11 00:56:13.141984
9381,44156,,13.84,,28.74,2024-11-11 00:56:13.141984
9382,44156,,13.62,,46.45,2024-11-11 00:56:13.141984
9383,44156,,12.78,,23.24,2024-11-11 00:56:13.141984
9384,44156,,13.04,,40.97,2024-11-11 00:56:13.141984
9385,44156,,12.66,,104.19,2024-11-11 00:56:13.141984
9386,44156,,10.63,,44.63,2024-11-11 00:56:13.141984
9387,44156,,10.54,,19.77,2024-11-11 00:56:13.141984
9388,44156,,11.69,,87.04,2024-11-11 00:56:13.141984
9389,44156,,10.54,,12.13,2024-11-11 00:56:13.141984
9390,44156,,11.77,,19.49,2024-11-11 00:56:13.141984
9391,44156,,12.78,,32.44,2024-11-11 00:56:13.141984
9392,44156,,12.77,,22.79,2024-11-11 00:56:13.141984
9393,44156,,13.14,,35.46,2024-11-11 00:56:13.141984
9394,44156,,12.92,,13.33,2024-11-11 00:56:13.141984
9396,44156,,13.7,,11.38,2024-11-11 00:56:13.141984
9397,44156,,14.54,,34.63,2024-11-11 00:56:13.141984
9398,44156,,13.93,,7.98,2024-11-11 00:56:13.141984
9399,44156,,14.73,,12.02,2024-11-11 00:56:13.141984
9400,44156,,15.28,,17.99,2024-11-11 00:56:13.141984
9401,44156,,15.22,,17.98,2024-11-11 00:56:13.141984
9402,44156,,15.16,,20.8,2024-11-11 00:56:13.141984
9403,44156,,14.97,,9.67,2024-11-11 00:56:13.141984
9404,44156,,15.46,,16.68,2024-11-11 00:56:13.141984
9405,44156,,15.47,,32.22,2024-11-11 00:56:13.141984
