id_waktu,id_lokasi,id_unit_peternakan,date,jumlah_produksi
8418,47346,11,2022-04-01,10.2
8419,47346,11,2022-04-02,10.35
8420,47346,11,2022-04-03,10.7
8421,47346,11,2022-04-04,11.9
8422,47346,11,2022-04-05,12.0
8423,47346,11,2022-04-06,10.8
8424,47346,11,2022-04-07,10.55
8425,47346,11,2022-04-08,10.0
8426,47346,11,2022-04-09,9.7
8427,47346,11,2022-04-10,9.75
8428,47346,11,2022-04-11,9.5
8429,47346,11,2022-04-12,9.4
8430,47346,11,2022-04-13,13.1
8431,47346,11,2022-04-14,14.3
8432,47346,11,2022-04-15,13.7
8433,47346,11,2022-04-16,12.8
8434,47346,11,2022-04-17,12.4
8435,47346,11,2022-04-18,12.2
8436,47346,11,2022-04-19,12.3
8437,47346,11,2022-04-20,11.25
8438,47346,11,2022-04-21,10.9
8439,47346,11,2022-04-22,10.3
8440,47346,11,2022-04-23,9.25
8441,47346,11,2022-04-24,9.0
8442,47346,11,2022-04-25,10.35
8443,47346,11,2022-04-26,11.05
8444,47346,11,2022-04-27,11.25
8445,47346,11,2022-04-28,11.3
8446,47346,11,2022-04-29,10.75
8447,47346,11,2022-04-30,11.35
8449,47346,11,2022-05-01,11.7
8450,47346,11,2022-05-02,10.65
8451,47346,11,2022-05-03,11.45
8452,47346,11,2022-05-04,11.2
8453,47346,11,2022-05-05,12.4
8454,47346,11,2022-05-06,12.5
8455,47346,11,2022-05-07,12.7
8456,47346,11,2022-05-08,13.35
8457,47346,11,2022-05-09,13.65
8458,47346,11,2022-05-10,13.85
8459,47346,11,2022-05-11,16.6
8460,47346,11,2022-05-12,15.35
8461,47346,11,2022-05-13,14.15
8462,47346,11,2022-05-14,12.9
8463,47346,11,2022-05-15,12.9
8464,47346,11,2022-05-16,12.15
8465,47346,11,2022-05-17,13.2
8466,47346,11,2022-05-18,14.15
8467,47346,11,2022-05-19,13.1
8468,47346,11,2022-05-20,13.7
8469,47346,11,2022-05-21,12.6
8470,47346,11,2022-05-22,13.0
8471,47346,11,2022-05-23,13.0
8472,47346,11,2022-05-24,11.75
8473,47346,11,2022-05-25,14.55
8474,47346,11,2022-05-26,14.1
8475,47346,11,2022-05-27,13.05
8476,47346,11,2022-05-28,14.05
8477,47346,11,2022-05-29,13.9
8478,47346,11,2022-05-30,14.2
8479,47346,11,2022-05-31,13.55
8481,47346,11,2022-06-01,15.9
8482,47346,11,2022-06-02,15.5
8483,47346,11,2022-06-03,14.55
8484,47346,11,2022-06-04,12.6
8485,47346,11,2022-06-05,12.6
8486,47346,11,2022-06-06,12.3
8487,47346,11,2022-06-07,11.65
8488,47346,11,2022-06-08,12.7
8489,47346,11,2022-06-09,11.75
8490,47346,11,2022-06-10,11.8
8491,47346,11,2022-06-11,11.7
8492,47346,11,2022-06-12,11.45
8493,47346,11,2022-06-13,9.65
8494,47346,11,2022-06-14,8.75
8495,47346,11,2022-06-15,11.5
8496,47346,11,2022-06-16,11.2
8497,47346,11,2022-06-17,11.25
8498,47346,11,2022-06-18,11.2
8499,47346,11,2022-06-19,10.05
8500,47346,11,2022-06-20,9.9
8501,47346,11,2022-06-21,10.0
8502,47346,11,2022-06-22,10.5
8503,47346,11,2022-06-23,10.45
8504,47346,11,2022-06-24,10.35
8505,47346,11,2022-06-25,10.0
8506,47346,11,2022-06-26,9.95
8507,47346,11,2022-06-27,10.15
8508,47346,11,2022-06-28,10.7
8509,47346,11,2022-06-29,10.65
8510,47346,11,2022-06-30,10.75
8512,47346,11,2022-07-01,9.7
8513,47346,11,2022-07-02,9.65
8514,47346,11,2022-07-03,9.75
8515,47346,11,2022-07-04,10.0
8516,47346,11,2022-07-05,9.3
8517,47346,11,2022-07-06,9.25
8518,47346,11,2022-07-07,9.25
8519,47346,11,2022-07-08,8.1
8520,47346,11,2022-07-09,8.3
8521,47346,11,2022-07-10,8.6
8522,47346,11,2022-07-11,8.95
8523,47346,11,2022-07-12,9.6
8524,47346,11,2022-07-13,9.3
8525,47346,11,2022-07-14,9.6
8526,47346,11,2022-07-15,12.5
8527,47346,11,2022-07-16,12.65
8528,47346,11,2022-07-17,12.9
8529,47346,11,2022-07-18,13.45
8530,47346,11,2022-07-19,13.9
8531,47346,11,2022-07-20,13.7
8532,47346,11,2022-07-21,13.9
8533,47346,11,2022-07-22,14.0
8534,47346,11,2022-07-23,14.05
8535,47346,11,2022-07-24,14.0
8536,47346,11,2022-07-25,14.0
8537,47346,11,2022-07-26,12.9
8538,47346,11,2022-07-27,12.55
8539,47346,11,2022-07-28,12.0
8540,47346,11,2022-07-29,11.5
8541,47346,11,2022-07-30,11.0
8542,47346,11,2022-07-31,11.6
8544,47346,11,2022-08-01,12.25
8545,47346,11,2022-08-02,12.75
8546,47346,11,2022-08-03,12.75
8547,47346,11,2022-08-04,12.75
8548,47346,11,2022-08-05,11.35
8549,47346,11,2022-08-06,13.1
8550,47346,11,2022-08-07,11.3
8551,47346,11,2022-08-08,13.35
8552,47346,11,2022-08-09,14.3
8553,47346,11,2022-08-10,14.2
8554,47346,11,2022-08-11,13.9
8555,47346,11,2022-08-12,13.9
8556,47346,11,2022-08-13,13.35
8557,47346,11,2022-08-14,13.9
8558,47346,11,2022-08-15,13.6
8559,47346,11,2022-08-16,12.5
8560,47346,11,2022-08-17,12.75
8561,47346,11,2022-08-18,12.35
8562,47346,11,2022-08-19,12.25
8563,47346,11,2022-08-20,12.95
8564,47346,11,2022-08-21,12.6
8565,47346,11,2022-08-22,13.05
8566,47346,11,2022-08-23,13.0
8567,47346,11,2022-08-24,14.0
8568,47346,11,2022-08-25,13.7
8569,47346,11,2022-08-26,13.75
8570,47346,11,2022-08-27,13.85
8571,47346,11,2022-08-28,13.95
8572,47346,11,2022-08-29,13.85
8573,47346,11,2022-08-30,14.1
8574,47346,11,2022-08-31,14.0
8576,47346,11,2022-09-01,15.3
8577,47346,11,2022-09-02,14.85
8578,47346,11,2022-09-03,14.85
8579,47346,11,2022-09-04,14.4
8580,47346,11,2022-09-05,13.65
8581,47346,11,2022-09-06,13.9
8582,47346,11,2022-09-07,13.8
8583,47346,11,2022-09-08,14.1
8584,47346,11,2022-09-09,13.95
8585,47346,11,2022-09-10,14.0
8586,47346,11,2022-09-11,13.9
8587,47346,11,2022-09-12,14.05
8588,47346,11,2022-09-13,14.1
8589,47346,11,2022-09-14,13.8
8590,47346,11,2022-09-15,15.65
8591,47346,11,2022-09-16,15.25
8592,47346,11,2022-09-17,14.65
8593,47346,11,2022-09-18,15.1
8594,47346,11,2022-09-19,14.75
8595,47346,11,2022-09-20,15.65
8596,47346,11,2022-09-21,15.95
8597,47346,11,2022-09-22,14.75
8598,47346,11,2022-09-23,15.0
8599,47346,11,2022-09-24,14.8
8600,47346,11,2022-09-25,14.85
8601,47346,11,2022-09-26,15.0
8602,47346,11,2022-09-27,15.05
8603,47346,11,2022-09-28,14.9
8604,47346,11,2022-09-29,15.3
8605,47346,11,2022-09-30,15.25
8607,47346,11,2022-10-01,12.3
8608,47346,11,2022-10-02,15.1
8609,47346,11,2022-10-03,11.0
8610,47346,11,2022-10-04,14.4
8611,47346,11,2022-10-05,14.0
8612,47346,11,2022-10-06,14.15
8613,47346,11,2022-10-07,14.45
8614,47346,11,2022-10-08,13.95
8615,47346,11,2022-10-09,13.55
8616,47346,11,2022-10-10,14.25
8617,47346,11,2022-10-11,14.3
8618,47346,11,2022-10-12,13.4
8619,47346,11,2022-10-13,12.0
8620,47346,11,2022-10-14,12.1
8621,47346,11,2022-10-15,12.05
8622,47346,11,2022-10-16,12.75
8623,47346,11,2022-10-17,12.8
8624,47346,11,2022-10-18,12.4
8625,47346,11,2022-10-19,12.6
8626,47346,11,2022-10-20,12.5
8627,47346,11,2022-10-21,13.5
8628,47346,11,2022-10-22,13.05
8629,47346,11,2022-10-23,12.9
8630,47346,11,2022-10-24,13.15
8631,47346,11,2022-10-25,12.9
8632,47346,11,2022-10-26,12.1
8633,47346,11,2022-10-27,11.95
8634,47346,11,2022-10-28,11.3
8635,47346,11,2022-10-29,10.85
8636,47346,11,2022-10-30,11.5
8637,47346,11,2022-10-31,10.9
8639,47346,11,2022-11-01,11.3
8640,47346,11,2022-11-02,11.1
8641,47346,11,2022-11-03,11.5
8642,47346,11,2022-11-04,11.2
8643,47346,11,2022-11-05,11.1
8644,47346,11,2022-11-06,10.65
8645,47346,11,2022-11-07,10.7
8646,47346,11,2022-11-08,11.2
8647,47346,11,2022-11-09,11.55
8648,47346,11,2022-11-10,11.6
8649,47346,11,2022-11-11,13.5
8650,47346,11,2022-11-12,11.75
8651,47346,11,2022-11-13,11.1
8652,47346,11,2022-11-14,13.0
8653,47346,11,2022-11-15,13.1
8654,47346,11,2022-11-16,13.6
8655,47346,11,2022-11-17,13.3
8656,47346,11,2022-11-18,12.75
8657,47346,11,2022-11-19,11.9
8658,47346,11,2022-11-20,12.5
8659,47346,11,2022-11-21,12.65
8660,47346,11,2022-11-22,11.9
8661,47346,11,2022-11-23,12.3
8662,47346,11,2022-11-24,12.05
8663,47346,11,2022-11-25,11.8
8664,47346,11,2022-11-26,11.75
8665,47346,11,2022-11-27,13.75
8666,47346,11,2022-11-28,11.6
8667,47346,11,2022-11-29,12.65
8668,47346,11,2022-11-30,11.9
8670,47346,11,2022-12-01,11.35
8671,47346,11,2022-12-02,10.1
8672,47346,11,2022-12-03,11.15
8673,47346,11,2022-12-04,10.95
8674,47346,11,2022-12-05,11.2
8675,47346,11,2022-12-06,11.75
8676,47346,11,2022-12-07,13.0
8677,47346,11,2022-12-08,13.5
8678,47346,11,2022-12-09,12.9
8679,47346,11,2022-12-10,13.25
8680,47346,11,2022-12-11,13.4
8681,47346,11,2022-12-12,12.9
8682,47346,11,2022-12-13,13.1
8683,47346,11,2022-12-14,12.6
8684,47346,11,2022-12-15,13.05
8685,47346,11,2022-12-16,11.9
8686,47346,11,2022-12-17,13.15
8687,47346,11,2022-12-18,12.65
8688,47346,11,2022-12-19,12.6
8689,47346,11,2022-12-20,13.2
8690,47346,11,2022-12-21,13.2
8691,47346,11,2022-12-22,11.45
8692,47346,11,2022-12-23,11.5
8693,47346,11,2022-12-24,12.25
8694,47346,11,2022-12-25,11.3
8695,47346,11,2022-12-26,11.65
8696,47346,11,2022-12-27,11.45
8697,47346,11,2022-12-28,11.5
8698,47346,11,2022-12-29,11.4
8699,47346,11,2022-12-30,11.4
8700,47346,11,2022-12-31,11.5
8703,47346,11,2023-01-01,11.5
8704,47346,11,2023-01-02,10.75
8705,47346,11,2023-01-03,9.3
8706,47346,11,2023-01-04,9.75
8707,47346,11,2023-01-05,9.25
8708,47346,11,2023-01-06,6.2
8709,47346,11,2023-01-07,7.35
8710,47346,11,2023-01-08,8.8
8711,47346,11,2023-01-09,6.25
8712,47346,11,2023-01-10,9.4
8713,47346,11,2023-01-11,9.85
8714,47346,11,2023-01-12,9.65
8715,47346,11,2023-01-13,10.4
8716,47346,11,2023-01-14,9.7
8717,47346,11,2023-01-15,11.4
8718,47346,11,2023-01-16,12.3
8719,47346,11,2023-01-17,10.8
8720,47346,11,2023-01-18,12.9
8721,47346,11,2023-01-19,13.15
8722,47346,11,2023-01-20,12.95
8723,47346,11,2023-01-21,12.9
8724,47346,11,2023-01-22,12.55
8725,47346,11,2023-01-23,13.65
8726,47346,11,2023-01-24,13.25
8727,47346,11,2023-01-25,11.7
8728,47346,11,2023-01-26,12.3
8729,47346,11,2023-01-27,11.6
8730,47346,11,2023-01-28,11.15
8731,47346,11,2023-01-29,12.95
8732,47346,11,2023-01-30,12.4
8733,47346,11,2023-01-31,12.35
8735,47346,11,2023-02-01,12.35
8736,47346,11,2023-02-02,15.65
8737,47346,11,2023-02-03,14.65
8738,47346,11,2023-02-04,15.05
8739,47346,11,2023-02-05,15.25
8740,47346,11,2023-02-06,15.4
8741,47346,11,2023-02-07,15.2
8742,47346,11,2023-02-08,15.15
8743,47346,11,2023-02-09,14.95
8744,47346,11,2023-02-10,15.2
8745,47346,11,2023-02-11,14.5
8746,47346,11,2023-02-12,14.55
8747,47346,11,2023-02-13,15.1
8748,47346,11,2023-02-14,15.05
8749,47346,11,2023-02-15,15.25
8750,47346,11,2023-02-16,15.3
8751,47346,11,2023-02-17,15.35
8752,47346,11,2023-02-18,15.25
8753,47346,11,2023-02-19,16.35
8754,47346,11,2023-02-20,16.7
8755,47346,11,2023-02-21,15.8
8756,47346,11,2023-02-22,15.65
8757,47346,11,2023-02-23,15.2
8758,47346,11,2023-02-24,14.9
8759,47346,11,2023-02-25,12.95
8760,47346,11,2023-02-26,12.5
8761,47346,11,2023-02-27,12.9
8762,47346,11,2023-02-28,13.3
8764,47346,11,2023-03-01,24.8
8765,47346,11,2023-03-02,24.8
8766,47346,11,2023-03-03,24.8
8767,47346,11,2023-03-04,24.9
8768,47346,11,2023-03-05,24.75
8769,47346,11,2023-03-06,23.6
8770,47346,11,2023-03-07,22.5
8771,47346,11,2023-03-08,21.35
8772,47346,11,2023-03-09,20.95
8773,47346,11,2023-03-10,21.45
8774,47346,11,2023-03-11,21.7
8775,47346,11,2023-03-12,21.75
8776,47346,11,2023-03-13,21.75
8777,47346,11,2023-03-14,21.95
8778,47346,11,2023-03-15,21.95
8779,47346,11,2023-03-16,21.45
8780,47346,11,2023-03-17,22.2
8781,47346,11,2023-03-18,21.55
8782,47346,11,2023-03-19,20.85
8783,47346,11,2023-03-20,21.15
8784,47346,11,2023-03-21,20.15
8785,47346,11,2023-03-22,19.7
8786,47346,11,2023-03-23,18.65
8787,47346,11,2023-03-24,18.2
8788,47346,11,2023-03-25,17.9
8789,47346,11,2023-03-26,17.9
8790,47346,11,2023-03-27,16.55
8791,47346,11,2023-03-28,16.35
8792,47346,11,2023-03-29,17.65
8793,47346,11,2023-03-30,17.55
8794,47346,11,2023-03-31,17.45
8796,47346,11,2023-04-01,16.6
8797,47346,11,2023-04-02,15.35
8798,47346,11,2023-04-03,14.15
8799,47346,11,2023-04-04,12.9
8800,47346,11,2023-04-05,12.9
8801,47346,11,2023-04-06,12.15
8802,47346,11,2023-04-07,13.2
8803,47346,11,2023-04-08,14.15
8804,47346,11,2023-04-09,13.1
8805,47346,11,2023-04-10,13.7
8806,47346,11,2023-04-11,12.6
8807,47346,11,2023-04-12,13.0
8808,47346,11,2023-04-13,13.0
8809,47346,11,2023-04-14,11.75
8810,47346,11,2023-04-15,14.55
8811,47346,11,2023-04-16,14.1
8812,47346,11,2023-04-17,13.05
8813,47346,11,2023-04-18,14.05
8814,47346,11,2023-04-19,13.9
8815,47346,11,2023-04-20,14.2
8816,47346,11,2023-04-21,13.55
8817,47346,11,2023-04-22,15.9
8818,47346,11,2023-04-23,15.5
8819,47346,11,2023-04-24,14.55
8820,47346,11,2023-04-25,12.6
8821,47346,11,2023-04-26,12.6
8822,47346,11,2023-04-27,12.3
8823,47346,11,2023-04-28,11.65
8824,47346,11,2023-04-29,12.7
8825,47346,11,2023-04-30,11.75
8827,47346,11,2023-05-01,11.8
8828,47346,11,2023-05-02,11.7
8829,47346,11,2023-05-03,11.45
8830,47346,11,2023-05-04,9.65
8831,47346,11,2023-05-05,8.75
8832,47346,11,2023-05-06,11.5
8833,47346,11,2023-05-07,11.2
8834,47346,11,2023-05-08,11.25
8835,47346,11,2023-05-09,11.2
8836,47346,11,2023-05-10,10.05
8837,47346,11,2023-05-11,9.9
8838,47346,11,2023-05-12,10.0
8839,47346,11,2023-05-13,10.5
8840,47346,11,2023-05-14,10.45
8841,47346,11,2023-05-15,10.35
8842,47346,11,2023-05-16,10.0
8843,47346,11,2023-05-17,9.95
8844,47346,11,2023-05-18,10.15
8845,47346,11,2023-05-19,10.7
8846,47346,11,2023-05-20,10.65
8847,47346,11,2023-05-21,10.75
8848,47346,11,2023-05-22,9.7
8849,47346,11,2023-05-23,9.65
8850,47346,11,2023-05-24,9.75
8851,47346,11,2023-05-25,10.0
8852,47346,11,2023-05-26,9.3
8853,47346,11,2023-05-27,9.25
8854,47346,11,2023-05-28,9.25
8855,47346,11,2023-05-29,8.1
8856,47346,11,2023-05-30,8.3
8857,47346,11,2023-05-31,8.6
8859,47346,11,2023-06-01,8.95
8860,47346,11,2023-06-02,9.6
8861,47346,11,2023-06-03,9.3
8862,47346,11,2023-06-04,9.6
8863,47346,11,2023-06-05,12.5
8864,47346,11,2023-06-06,12.65
8865,47346,11,2023-06-07,12.9
8866,47346,11,2023-06-08,13.45
8867,47346,11,2023-06-09,13.9
8868,47346,11,2023-06-10,13.7
8869,47346,11,2023-06-11,13.9
8870,47346,11,2023-06-12,14.0
8871,47346,11,2023-06-13,14.05
8872,47346,11,2023-06-14,14.0
8873,47346,11,2023-06-15,14.0
8874,47346,11,2023-06-16,12.9
8875,47346,11,2023-06-17,12.55
8876,47346,11,2023-06-18,12.0
8877,47346,11,2023-06-19,11.5
8878,47346,11,2023-06-20,12.0
8879,47346,11,2023-06-21,13.0
8880,47346,11,2023-06-22,12.25
8881,47346,11,2023-06-23,12.75
8882,47346,11,2023-06-24,12.75
8883,47346,11,2023-06-25,12.75
8884,47346,11,2023-06-26,11.35
8885,47346,11,2023-06-27,13.1
8886,47346,11,2023-06-28,11.3
8887,47346,11,2023-06-29,13.35
8888,47346,11,2023-06-30,14.3
8890,47346,11,2023-07-01,14.2
8891,47346,11,2023-07-02,13.9
8892,47346,11,2023-07-03,13.9
8893,47346,11,2023-07-04,13.35
8894,47346,11,2023-07-05,13.9
8895,47346,11,2023-07-06,13.6
8896,47346,11,2023-07-07,12.5
8897,47346,11,2023-07-08,12.75
8898,47346,11,2023-07-09,12.35
8899,47346,11,2023-07-10,12.25
8900,47346,11,2023-07-11,12.95
8901,47346,11,2023-07-12,12.6
8902,47346,11,2023-07-13,13.05
8903,47346,11,2023-07-14,13.0
8904,47346,11,2023-07-15,14.0
8905,47346,11,2023-07-16,13.7
8906,47346,11,2023-07-17,13.75
8907,47346,11,2023-07-18,13.85
8908,47346,11,2023-07-19,13.95
8909,47346,11,2023-07-20,13.85
8910,47346,11,2023-07-21,14.1
8911,47346,11,2023-07-22,14.0
8912,47346,11,2023-07-23,15.3
8913,47346,11,2023-07-24,14.85
8914,47346,11,2023-07-25,14.85
8915,47346,11,2023-07-26,14.4
8916,47346,11,2023-07-27,13.65
8917,47346,11,2023-07-28,13.9
8918,47346,11,2023-07-29,13.8
8919,47346,11,2023-07-30,14.1
8920,47346,11,2023-07-31,13.95
8922,47346,11,2023-08-01,14.0
8923,47346,11,2023-08-02,13.9
8924,47346,11,2023-08-03,14.05
8925,47346,11,2023-08-04,14.1
8926,47346,11,2023-08-05,13.8
8927,47346,11,2023-08-06,15.65
8928,47346,11,2023-08-07,15.25
8929,47346,11,2023-08-08,14.65
8930,47346,11,2023-08-09,15.1
8931,47346,11,2023-08-10,14.75
8932,47346,11,2023-08-11,15.65
8933,47346,11,2023-08-12,15.95
8934,47346,11,2023-08-13,14.75
8935,47346,11,2023-08-14,15.0
8936,47346,11,2023-08-15,14.8
8937,47346,11,2023-08-16,14.85
8938,47346,11,2023-08-17,15.0
8939,47346,11,2023-08-18,15.05
8940,47346,11,2023-08-19,14.9
8941,47346,11,2023-08-20,15.3
8942,47346,11,2023-08-21,15.25
8943,47346,11,2023-08-22,12.3
8944,47346,11,2023-08-23,15.1
8945,47346,11,2023-08-24,9.0
8946,47346,11,2023-08-25,14.4
8947,47346,11,2023-08-26,14.0
8948,47346,11,2023-08-27,14.15
8949,47346,11,2023-08-28,14.45
8950,47346,11,2023-08-29,13.95
8951,47346,11,2023-08-30,13.55
8952,47346,11,2023-08-31,14.25
8954,47346,11,2023-09-01,14.3
8955,47346,11,2023-09-02,13.4
8956,47346,11,2023-09-03,12.0
8957,47346,11,2023-09-04,12.1
8958,47346,11,2023-09-05,12.05
8959,47346,11,2023-09-06,12.75
8960,47346,11,2023-09-07,12.8
8961,47346,11,2023-09-08,12.4
8962,47346,11,2023-09-09,12.6
8963,47346,11,2023-09-10,12.5
8964,47346,11,2023-09-11,13.5
8965,47346,11,2023-09-12,13.05
8966,47346,11,2023-09-13,12.9
8967,47346,11,2023-09-14,13.15
8968,47346,11,2023-09-15,12.9
8969,47346,11,2023-09-16,12.1
8970,47346,11,2023-09-17,11.95
8971,47346,11,2023-09-18,11.3
8972,47346,11,2023-09-19,10.85
8973,47346,11,2023-09-20,11.5
8974,47346,11,2023-09-21,10.9
8975,47346,11,2023-09-22,11.3
8976,47346,11,2023-09-23,11.1
8977,47346,11,2023-09-24,10.166666666666666
8978,47346,11,2023-09-25,11.2
8979,47346,11,2023-09-26,11.1
8980,47346,11,2023-09-27,10.65
8981,47346,11,2023-09-28,10.7
8982,47346,11,2023-09-29,11.2
8983,47346,11,2023-09-30,11.55
8985,47346,11,2023-10-01,11.6
8986,47346,11,2023-10-02,13.5
8987,47346,11,2023-10-03,11.75
8988,47346,11,2023-10-04,11.1
8989,47346,11,2023-10-05,13.0
8990,47346,11,2023-10-06,13.1
8991,47346,11,2023-10-07,13.6
8992,47346,11,2023-10-08,13.3
8993,47346,11,2023-10-09,12.75
8994,47346,11,2023-10-10,11.9
8995,47346,11,2023-10-11,12.5
8996,47346,11,2023-10-12,12.65
8997,47346,11,2023-10-13,11.9
8998,47346,11,2023-10-14,12.3
8999,47346,11,2023-10-15,12.05
9000,47346,11,2023-10-16,11.8
9001,47346,11,2023-10-17,11.75
9002,47346,11,2023-10-18,13.75
9003,47346,11,2023-10-19,11.6
9004,47346,11,2023-10-20,12.65
9005,47346,11,2023-10-21,11.9
9006,47346,11,2023-10-22,11.35
9007,47346,11,2023-10-23,10.1
9008,47346,11,2023-10-24,9.216666666666667
9009,47346,11,2023-10-25,10.95
9010,47346,11,2023-10-26,11.2
9011,47346,11,2023-10-27,11.75
9012,47346,11,2023-10-28,13.0
9013,47346,11,2023-10-29,13.5
9014,47346,11,2023-10-30,12.9
9015,47346,11,2023-10-31,13.25
9017,47346,11,2023-11-01,13.4
9018,47346,11,2023-11-02,12.9
9019,47346,11,2023-11-03,13.1
9020,47346,11,2023-11-04,12.6
9021,47346,11,2023-11-05,13.05
9022,47346,11,2023-11-06,11.9
9023,47346,11,2023-11-07,13.15
9024,47346,11,2023-11-08,12.65
9025,47346,11,2023-11-09,12.6
9026,47346,11,2023-11-10,13.2
9027,47346,11,2023-11-11,13.2
9028,47346,11,2023-11-12,11.45
9029,47346,11,2023-11-13,11.5
9030,47346,11,2023-11-14,12.25
9031,47346,11,2023-11-15,11.3
9032,47346,11,2023-11-16,11.65
9033,47346,11,2023-11-17,11.45
9034,47346,11,2023-11-18,11.5
9035,47346,11,2023-11-19,11.4
9036,47346,11,2023-11-20,11.4
9037,47346,11,2023-11-21,11.5
9038,47346,11,2023-11-22,11.5
9039,47346,11,2023-11-23,8.916666666666666
9040,47346,11,2023-11-24,9.3
9041,47346,11,2023-11-25,9.75
9042,47346,11,2023-11-26,9.25
9043,47346,11,2023-11-27,6.2
9044,47346,11,2023-11-28,7.35
9045,47346,11,2023-11-29,8.8
9046,47346,11,2023-11-30,6.25
9048,47346,11,2023-12-01,9.4
9049,47346,11,2023-12-02,9.85
9050,47346,11,2023-12-03,9.65
9051,47346,11,2023-12-04,10.4
9052,47346,11,2023-12-05,9.7
9053,47346,11,2023-12-06,11.4
9054,47346,11,2023-12-07,12.3
9055,47346,11,2023-12-08,10.8
9056,47346,11,2023-12-09,12.9
9057,47346,11,2023-12-10,13.15
9058,47346,11,2023-12-11,12.95
9059,47346,11,2023-12-12,12.9
9060,47346,11,2023-12-13,12.55
9061,47346,11,2023-12-14,13.65
9062,47346,11,2023-12-15,13.25
9063,47346,11,2023-12-16,11.7
9064,47346,11,2023-12-17,12.3
9065,47346,11,2023-12-18,11.6
9066,47346,11,2023-12-19,11.15
9067,47346,11,2023-12-20,12.95
9068,47346,11,2023-12-21,12.4
9069,47346,11,2023-12-22,12.35
9070,47346,11,2023-12-23,12.35
9071,47346,11,2023-12-24,15.65
9072,47346,11,2023-12-25,14.65
9073,47346,11,2023-12-26,15.05
9074,47346,11,2023-12-27,15.25
9075,47346,11,2023-12-28,11.466666666666667
9076,47346,11,2023-12-29,15.2
9077,47346,11,2023-12-30,15.15
9078,47346,11,2023-12-31,14.95
9081,47346,11,2024-01-01,15.2
9082,47346,11,2024-01-02,14.5
9083,47346,11,2024-01-03,14.55
9084,47346,11,2024-01-04,15.1
9085,47346,11,2024-01-05,15.05
9086,47346,11,2024-01-06,15.25
9087,47346,11,2024-01-07,15.3
9088,47346,11,2024-01-08,15.35
9089,47346,11,2024-01-09,15.25
9090,47346,11,2024-01-10,16.35
9091,47346,11,2024-01-11,16.7
9092,47346,11,2024-01-12,15.8
9093,47346,11,2024-01-13,15.65
9094,47346,11,2024-01-14,15.2
9095,47346,11,2024-01-15,14.9
9096,47346,11,2024-01-16,12.95
9097,47346,11,2024-01-17,12.5
9098,47346,11,2024-01-18,12.9
9099,47346,11,2024-01-19,13.3
9100,47346,11,2024-01-20,24.8
9101,47346,11,2024-01-21,24.8
9102,47346,11,2024-01-22,24.8
9103,47346,11,2024-01-23,24.9
9104,47346,11,2024-01-24,13.583333333333334
9105,47346,11,2024-01-25,23.6
9106,47346,11,2024-01-26,22.5
9107,47346,11,2024-01-27,21.35
9108,47346,11,2024-01-28,20.95
9109,47346,11,2024-01-29,21.45
9110,47346,11,2024-01-30,21.7
9111,47346,11,2024-01-31,21.75
9113,47346,11,2024-02-01,21.75
9114,47346,11,2024-02-02,21.95
9115,47346,11,2024-02-03,21.95
9116,47346,11,2024-02-04,21.45
9117,47346,11,2024-02-05,22.2
9118,47346,11,2024-02-06,21.55
9119,47346,11,2024-02-07,20.85
9120,47346,11,2024-02-08,21.15
9121,47346,11,2024-02-09,20.15
9122,47346,11,2024-02-10,19.7
9123,47346,11,2024-02-11,18.65
9124,47346,11,2024-02-12,18.2
9125,47346,11,2024-02-13,17.9
9126,47346,11,2024-02-14,17.9
9127,47346,11,2024-02-15,16.55
9128,47346,11,2024-02-16,16.35
9129,47346,11,2024-02-17,17.65
9130,47346,11,2024-02-18,17.55
9131,47346,11,2024-02-19,17.45
9132,47346,11,2024-02-20,16.55
9133,47346,11,2024-02-21,16.35
9134,47346,11,2024-02-22,17.65
9135,47346,11,2024-02-23,17.55
9136,47346,11,2024-02-24,12.15
9137,47346,11,2024-02-25,16.6
9138,47346,11,2024-02-26,15.35
9139,47346,11,2024-02-27,14.15
9140,47346,11,2024-02-28,12.9
9141,47346,11,2024-02-29,12.9
9143,47346,11,2024-03-01,12.15
9144,47346,11,2024-03-02,13.2
9145,47346,11,2024-03-03,14.15
9146,47346,11,2024-03-04,13.1
9147,47346,11,2024-03-05,13.7
9148,47346,11,2024-03-06,12.6
9149,47346,11,2024-03-07,13.0
9150,47346,11,2024-03-08,13.0
9151,47346,11,2024-03-09,11.75
9152,47346,11,2024-03-10,14.55
9153,47346,11,2024-03-11,14.1
9154,47346,11,2024-03-12,13.05
9155,47346,11,2024-03-13,14.05
9156,47346,11,2024-03-14,13.9
9157,47346,11,2024-03-15,14.2
9158,47346,11,2024-03-16,13.55
9159,47346,11,2024-03-17,15.9
9160,47346,11,2024-03-18,15.5
9161,47346,11,2024-03-19,14.55
9162,47346,11,2024-03-20,12.6
9163,47346,11,2024-03-21,12.6
9164,47346,11,2024-03-22,12.3
9165,47346,11,2024-03-23,11.65
9166,47346,11,2024-03-24,9.733333333333333
9167,47346,11,2024-03-25,11.75
9168,47346,11,2024-03-26,11.8
9169,47346,11,2024-03-27,11.7
9170,47346,11,2024-03-28,11.45
9171,47346,11,2024-03-29,9.65
9172,47346,11,2024-03-30,8.75
9173,47346,11,2024-03-31,11.5
9175,47346,11,2024-04-01,11.2
9176,47346,11,2024-04-02,11.25
9177,47346,11,2024-04-03,11.2
9178,47346,11,2024-04-04,10.05
9179,47346,11,2024-04-05,9.9
9180,47346,11,2024-04-06,10.0
9181,47346,11,2024-04-07,10.5
9182,47346,11,2024-04-08,10.45
9183,47346,11,2024-04-09,10.35
9184,47346,11,2024-04-10,10.0
9185,47346,11,2024-04-11,9.95
9186,47346,11,2024-04-12,10.15
9187,47346,11,2024-04-13,10.7
9188,47346,11,2024-04-14,10.65
9189,47346,11,2024-04-15,10.75
9190,47346,11,2024-04-16,9.7
9191,47346,11,2024-04-17,9.65
9192,47346,11,2024-04-18,9.75
9193,47346,11,2024-04-19,10.0
9194,47346,11,2024-04-20,9.3
9195,47346,11,2024-04-21,9.25
9196,47346,11,2024-04-22,9.25
9197,47346,11,2024-04-23,8.1
9198,47346,11,2024-04-24,8.433333333333334
9199,47346,11,2024-04-25,8.6
9200,47346,11,2024-04-26,8.95
9201,47346,11,2024-04-27,9.6
9202,47346,11,2024-04-28,9.3
9203,47346,11,2024-04-29,9.6
9204,47346,11,2024-04-30,12.5
9206,47346,11,2024-05-01,12.65
9207,47346,11,2024-05-02,12.9
9208,47346,11,2024-05-03,13.45
9209,47346,11,2024-05-04,13.9
9210,47346,11,2024-05-05,13.7
9211,47346,11,2024-05-06,13.9
9212,47346,11,2024-05-07,14.0
9213,47346,11,2024-05-08,14.05
9214,47346,11,2024-05-09,14.0
9215,47346,11,2024-05-10,14.0
9216,47346,11,2024-05-11,12.9
9217,47346,11,2024-05-12,12.55
9218,47346,11,2024-05-13,12.0
9219,47346,11,2024-05-14,11.5
9220,47346,11,2024-05-15,11.0
9221,47346,11,2024-05-16,12.0
9222,47346,11,2024-05-17,12.25
9223,47346,11,2024-05-18,12.75
9224,47346,11,2024-05-19,12.75
9225,47346,11,2024-05-20,12.75
9226,47346,11,2024-05-21,11.35
9227,47346,11,2024-05-22,13.1
9228,47346,11,2024-05-23,9.1
9229,47346,11,2024-05-24,13.35
9230,47346,11,2024-05-25,14.3
9231,47346,11,2024-05-26,14.2
9232,47346,11,2024-05-27,13.9
9233,47346,11,2024-05-28,13.9
9234,47346,11,2024-05-29,13.35
9235,47346,11,2024-05-30,13.9
9236,47346,11,2024-05-31,13.6
9238,47346,11,2024-06-01,12.5
9239,47346,11,2024-06-02,12.75
9240,47346,11,2024-06-03,12.35
9241,47346,11,2024-06-04,12.25
9242,47346,11,2024-06-05,12.95
9243,47346,11,2024-06-06,12.6
9244,47346,11,2024-06-07,13.05
9245,47346,11,2024-06-08,13.0
9246,47346,11,2024-06-09,14.0
9247,47346,11,2024-06-10,13.7
9248,47346,11,2024-06-11,13.75
9249,47346,11,2024-06-12,13.85
9250,47346,11,2024-06-13,13.95
9251,47346,11,2024-06-14,13.85
9252,47346,11,2024-06-15,14.1
9253,47346,11,2024-06-16,14.0
9254,47346,11,2024-06-17,15.3
9255,47346,11,2024-06-18,14.85
9256,47346,11,2024-06-19,14.85
9257,47346,11,2024-06-20,14.4
9258,47346,11,2024-06-21,13.65
9259,47346,11,2024-06-22,13.9
9260,47346,11,2024-06-23,13.8
9261,47346,11,2024-06-24,14.1
9262,47346,11,2024-06-25,13.95
9263,47346,11,2024-06-26,10.166666666666666
9264,47346,11,2024-06-27,13.9
9265,47346,11,2024-06-28,14.05
9266,47346,11,2024-06-29,14.1
9267,47346,11,2024-06-30,13.8
9269,47346,11,2024-07-01,15.65
9270,47346,11,2024-07-02,15.25
9271,47346,11,2024-07-03,14.65
9272,47346,11,2024-07-04,15.1
9273,47346,11,2024-07-05,14.75
9274,47346,11,2024-07-06,15.65
9275,47346,11,2024-07-07,15.95
9276,47346,11,2024-07-08,14.75
9277,47346,11,2024-07-09,15.0
9278,47346,11,2024-07-10,14.8
9279,47346,11,2024-07-11,14.85
9280,47346,11,2024-07-12,15.0
9281,47346,11,2024-07-13,15.05
9282,47346,11,2024-07-14,14.9
9283,47346,11,2024-07-15,15.3
9284,47346,11,2024-07-16,15.25
9285,47346,11,2024-07-17,12.3
9286,47346,11,2024-07-18,15.1
9287,47346,11,2024-07-19,11.0
9288,47346,11,2024-07-20,14.4
9289,47346,11,2024-07-21,14.0
9290,47346,11,2024-07-22,14.15
9291,47346,11,2024-07-23,14.45
9292,47346,11,2024-07-24,13.95
9293,47346,11,2024-07-25,13.55
9294,47346,11,2024-07-26,14.25
9295,47346,11,2024-07-27,14.3
9296,47346,11,2024-07-28,10.133333333333333
9297,47346,11,2024-07-29,12.0
9298,47346,11,2024-07-30,12.1
9299,47346,11,2024-07-31,12.05
9301,47346,11,2024-08-01,12.75
9302,47346,11,2024-08-02,12.8
9303,47346,11,2024-08-03,12.4
9304,47346,11,2024-08-04,12.6
9305,47346,11,2024-08-05,12.5
9306,47346,11,2024-08-06,13.5
9307,47346,11,2024-08-07,13.05
9308,47346,11,2024-08-08,12.9
9309,47346,11,2024-08-09,13.15
9310,47346,11,2024-08-10,12.9
9311,47346,11,2024-08-11,12.1
9312,47346,11,2024-08-12,11.95
9313,47346,11,2024-08-13,11.3
9314,47346,11,2024-08-14,10.85
9315,47346,11,2024-08-15,11.5
9316,47346,11,2024-08-16,10.9
9317,47346,11,2024-08-17,11.3
9318,47346,11,2024-08-18,11.1
9319,47346,11,2024-08-19,11.5
9320,47346,11,2024-08-20,11.2
9321,47346,11,2024-08-21,11.1
9322,47346,11,2024-08-22,10.65
9323,47346,11,2024-08-23,10.7
9324,47346,11,2024-08-24,11.2
9325,47346,11,2024-08-25,11.55
9326,47346,11,2024-08-26,11.6
9327,47346,11,2024-08-27,13.5
9328,47346,11,2024-08-28,10.25
9329,47346,11,2024-08-29,11.1
9330,47346,11,2024-08-30,13.0
9331,47346,11,2024-08-31,13.1
9337,47346,11,2024-09-05,11.1
9338,47346,11,2024-09-06,24.5
9339,47346,11,2024-09-07,25.8
9340,47346,11,2024-09-08,12.9
9341,47346,11,2024-09-09,13.0
9342,47346,11,2024-09-10,12.9
9343,47346,11,2024-09-11,12.1
9344,47346,11,2024-09-12,11.95
9345,47346,11,2024-09-13,11.3
9346,47346,11,2024-09-14,10.85
9347,47346,11,2024-09-15,11.5
9348,47346,11,2024-09-16,10.9
9349,47346,11,2024-09-17,11.3
9350,47346,11,2024-09-18,11.1
9351,47346,11,2024-09-19,11.5
9352,47346,11,2024-09-20,11.2
9353,47346,11,2024-09-21,11.1
9354,47346,11,2024-09-22,10.65
9355,47346,11,2024-09-23,10.7
9356,47346,11,2024-09-24,11.2
9358,47346,11,2024-09-26,19.0
9359,47346,11,2024-09-27,19.5
9360,47346,11,2024-09-28,19.0
9361,47346,11,2024-09-29,19.0
9362,47346,11,2024-09-30,19.2
9364,47346,11,2024-10-01,18.0
9365,47346,11,2024-10-02,13.15
9366,47346,11,2024-10-03,12.65
9367,47346,11,2024-10-04,12.6
9368,47346,11,2024-10-05,13.2
9369,47346,11,2024-10-06,13.2
9370,47346,11,2024-10-07,11.45
9371,47346,11,2024-10-08,11.5
9372,47346,11,2024-10-09,12.25
9373,47346,11,2024-10-10,11.3
9374,47346,11,2024-10-11,11.65
9376,47346,11,2024-10-13,11.5
9377,47346,11,2024-10-14,11.4
9378,47346,11,2024-10-15,11.2
9379,47346,11,2024-10-16,11.5
9381,47346,11,2024-10-18,10.75
9382,47346,11,2024-10-19,9.3
9384,47346,11,2024-10-21,9.25
9385,47346,11,2024-10-22,6.2
9386,47346,11,2024-10-23,7.35
9387,47346,11,2024-10-24,8.8
9388,47346,11,2024-10-25,6.25
9389,47346,11,2024-10-26,9.4
9390,47346,11,2024-10-27,9.85
9391,47346,11,2024-10-28,9.65
